"court_work_id","court_work_type_id","court_id"
"1","18","361"
"3","18","175"
"5","18","600"
"7","18","626"
"10","18","562"
"14","7","636"
"16","18","606"
"17","5","36"
"19","18","327"
"24","42","423"
"26","34","557"
"28","6","575"
"29","18","579"
"30","6","591"
"31","34","598"
"34","6","671"
"35","6","678"
"36","119","2"
"37","18","60"
"39","6","70"
"41","6","78"
"43","6","86"
"47","6","180"
"48","6","198"
"53","39","348"
"54","39","361"
"55","5","394"
"56","18","397"
"59","6","597"
"61","6","460"
"62","6","503"
"65","6","616"
"66","18","635"
"69","15","54"
"70","18","125"
"71","6","377"
"73","6","104"
"107","7","657"
"110","7","668"
"113","7","680"
"149","34","379"
"150","34","445"
"151","18","438"
"152","9","486"
"155","18","538"
"157","74","54"
"159","38","445"
"167","6","588"
"168","9","591"
"169","34","600"
"171","18","622"
"184","39","60"
"189","6","118"
"190","39","129"
"199","42","327"
"200","42","348"
"216","14","678"
"217","18","334"
"219","101","445"
"220","34","468"
"221","14","524"
"224","42","60"
"227","102","129"
"229","18","348"
"231","14","671"
"232","14","575"
"233","14","616"
"234","18","689"
"235","15","486"
"239","15","145"
"242","42","517"
"244","42","6"
"245","42","86"
"246","42","88"
"249","42","615"
"250","42","486"
"251","42","490"
"252","18","503"
"254","42","635"
"255","42","9"
"256","42","70"
"257","42","180"
"259","42","104"
"260","42","622"
"261","18","400"
"263","18","411"
"266","18","419"
"267","18","420"
"268","6","426"
"274","18","448"
"276","18","455"
"277","18","460"
"278","18","462"
"279","18","463"
"284","18","478"
"285","18","480"
"288","18","490"
"289","18","492"
"291","18","509"
"295","18","519"
"296","34","523"
"297","18","524"
"298","34","532"
"299","18","535"
"301","18","567"
"302","18","575"
"308","18","595"
"309","18","597"
"310","18","602"
"312","18","616"
"315","18","629"
"320","18","647"
"321","18","650"
"322","18","653"
"323","5","656"
"324","18","657"
"328","18","680"
"330","18","683"
"333","18","21"
"334","18","30"
"335","18","34"
"337","18","39"
"338","34","45"
"340","18","53"
"341","39","55"
"342","18","62"
"343","18","65"
"345","18","73"
"346","18","85"
"347","18","86"
"348","18","88"
"349","18","96"
"350","18","107"
"351","18","109"
"352","18","111"
"354","18","113"
"356","18","116"
"361","18","138"
"362","18","145"
"365","18","160"
"370","18","190"
"371","34","193"
"373","18","198"
"376","18","212"
"377","18","213"
"379","18","219"
"381","18","226"
"385","18","261"
"387","18","267"
"389","39","271"
"390","18","274"
"391","18","276"
"393","18","282"
"394","18","287"
"395","18","289"
"396","18","291"
"400","18","314"
"401","18","316"
"402","39","318"
"405","18","329"
"407","18","349"
"408","34","359"
"410","18","362"
"413","18","370"
"414","18","371"
"415","119","373"
"417","18","380"
"418","34","381"
"419","102","445"
"420","18","452"
"421","18","486"
"422","18","555"
"423","18","559"
"424","18","615"
"425","18","5"
"426","18","6"
"427","18","17"
"429","18","637"
"430","38","503"
"433","20","597"
"436","20","626"
"437","18","239"
"438","18","192"
"440","18","517"
"442","18","691"
"443","18","43"
"445","34","530"
"448","39","438"
"449","18","475"
"450","42","55"
"462","34","22"
"472","34","429"
"473","34","484"
"475","18","523"
"476","18","532"
"477","34","551"
"479","34","16"
"480","34","51"
"481","34","148"
"483","119","193"
"484","34","230"
"485","34","333"
"487","18","381"
"488","34","264"
"489","34","400"
"492","34","412"
"493","34","413"
"494","14","426"
"498","34","443"
"499","34","446"
"500","34","453"
"502","34","457"
"504","34","462"
"508","34","474"
"509","34","476"
"510","34","485"
"511","34","487"
"512","34","488"
"514","34","493"
"515","34","497"
"516","34","498"
"518","34","508"
"519","34","510"
"521","34","514"
"523","34","522"
"524","34","531"
"525","34","536"
"527","34","539"
"528","34","540"
"530","34","564"
"531","34","568"
"537","34","585"
"539","34","589"
"541","34","603"
"544","34","618"
"545","34","627"
"546","34","628"
"550","18","640"
"551","34","641"
"554","34","659"
"555","34","670"
"556","34","673"
"557","34","676"
"558","34","678"
"559","34","679"
"560","34","692"
"561","34","693"
"562","34","7"
"563","34","10"
"564","34","13"
"566","34","23"
"569","34","39"
"570","34","42"
"572","34","48"
"573","34","52"
"574","34","63"
"575","34","64"
"576","34","66"
"577","34","73"
"582","34","83"
"583","34","85"
"584","34","87"
"585","34","89"
"587","34","101"
"588","34","108"
"589","34","112"
"590","34","114"
"591","34","115"
"592","34","119"
"593","34","120"
"594","34","124"
"595","34","127"
"596","34","132"
"598","34","143"
"599","34","150"
"600","34","167"
"601","34","178"
"603","34","181"
"607","34","198"
"608","34","204"
"609","34","205"
"610","34","207"
"612","34","213"
"613","34","215"
"615","34","223"
"616","34","228"
"618","34","233"
"621","34","253"
"624","34","258"
"627","34","262"
"628","34","268"
"629","34","270"
"631","34","283"
"632","34","284"
"633","34","289"
"634","34","292"
"637","34","301"
"639","34","308"
"640","34","311"
"641","34","313"
"642","34","314"
"644","34","321"
"645","34","323"
"646","34","325"
"648","34","330"
"649","34","331"
"650","34","337"
"651","34","340"
"653","34","342"
"654","34","345"
"655","34","351"
"658","34","360"
"659","34","363"
"661","34","370"
"663","34","373"
"664","34","375"
"665","34","378"
"666","42","380"
"668","34","520"
"669","34","163"
"670","34","26"
"672","42","445"
"677","42","600"
"680","39","503"
"682","82","445"
"683","18","468"
"684","42","513"
"685","38","517"
"686","38","524"
"687","38","545"
"692","38","653"
"694","18","32"
"696","38","53"
"697","18","81"
"698","38","96"
"699","102","118"
"701","38","183"
"707","39","414"
"708","39","415"
"711","39","466"
"712","39","486"
"713","39","490"
"714","42","503"
"715","18","506"
"716","39","513"
"717","39","517"
"718","42","538"
"719","39","545"
"721","39","562"
"722","39","567"
"723","39","575"
"725","18","588"
"727","38","606"
"728","39","615"
"731","39","626"
"732","6","635"
"734","39","653"
"736","39","671"
"738","39","683"
"741","39","5"
"742","39","6"
"743","39","9"
"744","39","14"
"746","39","30"
"747","39","32"
"748","39","36"
"749","39","43"
"750","39","53"
"751","107","54"
"752","6","55"
"753","39","62"
"754","39","70"
"755","6","81"
"756","39","86"
"757","39","88"
"759","39","104"
"760","39","111"
"761","39","113"
"762","39","138"
"763","39","175"
"764","39","183"
"766","39","239"
"768","39","276"
"769","39","291"
"773","39","362"
"780","18","440"
"788","18","671"
"789","18","9"
"791","42","36"
"795","18","104"
"796","18","112"
"799","102","125"
"801","18","144"
"808","18","331"
"812","18","379"
"816","42","400"
"820","42","414"
"823","18","426"
"831","42","460"
"833","42","463"
"835","42","468"
"849","42","510"
"859","42","535"
"863","42","562"
"864","42","564"
"866","42","567"
"875","34","592"
"878","42","597"
"879","38","600"
"880","42","602"
"881","42","603"
"883","42","616"
"885","42","626"
"887","42","628"
"888","42","629"
"894","42","650"
"895","42","653"
"896","9","656"
"897","42","657"
"904","42","679"
"905","42","680"
"918","42","30"
"919","42","32"
"921","42","34"
"926","42","43"
"933","42","53"
"934","81","54"
"935","34","56"
"937","42","65"
"941","42","75"
"944","42","81"
"951","42","96"
"954","42","109"
"956","42","111"
"958","42","113"
"960","39","118"
"963","39","125"
"964","119","127"
"966","42","129"
"972","42","160"
"973","42","163"
"977","42","183"
"980","42","190"
"982","42","198"
"985","42","206"
"987","42","212"
"992","42","219"
"999","42","246"
"1004","42","261"
"1006","42","267"
"1009","42","271"
"1011","42","274"
"1014","42","282"
"1017","42","291"
"1019","42","296"
"1025","42","316"
"1026","18","322"
"1031","42","342"
"1035","34","357"
"1042","42","377"
"1045","39","380"
"1051","42","575"
"1055","42","524"
"1071","18","466"
"1075","18","83"
"1077","6","125"
"1086","18","659"
"1147","38","448"
"1212","9","513"
"1251","42","552"
"1335","18","636"
"1336","34","637"
"1374","42","675"
"1437","119","45"
"1446","61","54"
"1521","5","129"
"1563","18","172"
"1577","20","186"
"1611","18","221"
"1615","39","225"
"1645","39","256"
"1683","18","296"
"1686","34","299"
"1784","34","396"
"1813","38","426"
"1827","18","656"
"1833","74","125"
"1844","18","320"
"1849","34","380"
"1878","58","510"
"1890","119","551"
"1897","58","603"
"1911","58","23"
"1939","58","246"
"1951","58","314"
"2010","61","145"
"2036","18","180"
"2037","18","183"
"2045","34","79"
"2051","42","466"
"2052","39","519"
"2053","42","545"
"2054","42","683"
"2056","42","175"
"2057","42","239"
"2071","42","305"
"2073","18","54"
"2075","6","129"
"2076","74","145"
"2085","18","36"
"2086","18","414"
"2087","39","423"
"2088","18","458"
"2097","39","552"
"2102","14","591"
"2111","18","678"
"2112","18","1"
"2113","34","2"
"2118","18","14"
"2124","18","70"
"2125","18","75"
"2126","18","78"
"2145","18","285"
"2146","18","300"
"2147","18","305"
"2149","6","344"
"2152","18","377"
"2155","18","394"
"2162","81","145"
"2164","82","545"
"2165","82","107"
"2169","82","394"
"2172","119","520"
"2175","119","628"
"2176","119","648"
"2177","119","52"
"2178","119","59"
"2179","119","85"
"2181","119","108"
"2182","119","123"
"2184","119","213"
"2188","119","262"
"2190","119","283"
"2192","119","383"
"2195","119","268"
"2196","119","24"
"2200","119","432"
"2202","119","440"
"2205","119","476"
"2207","119","499"
"2208","119","504"
"2211","119","522"
"2213","119","536"
"2215","119","540"
"2220","119","585"
"2223","119","627"
"2227","119","657"
"2228","119","659"
"2231","119","668"
"2233","119","680"
"2234","119","693"
"2243","119","87"
"2245","119","112"
"2249","119","181"
"2255","119","223"
"2258","119","270"
"2263","119","331"
"2265","119","378"
"2266","119","379"
"2267","71","28"
"2268","71","57"
"2269","71","72"
"2270","71","98"
"2272","71","134"
"2273","71","137"
"2274","71","140"
"2276","71","229"
"2277","71","245"
"2278","71","312"
"2279","71","338"
"2281","71","355"
"2282","71","358"
"2283","71","365"
"2284","71","382"
"2286","71","405"
"2287","71","424"
"2288","71","447"
"2289","71","451"
"2290","71","461"
"2291","71","470"
"2292","71","526"
"2293","71","574"
"2294","71","665"
"2295","71","694"
"2302","34","157"
"2309","6","423"
"2320","42","678"
"2321","42","221"
"2322","20","575"
"2325","34","716"
"2326","18","716"
"2327","82","552"
"2328","42","334"
"2329","39","622"
"2330","9","622"
"2331","42","256"
"2333","6","256"
"2334","18","256"
"2337","9","256"
"2339","39","186"
"2341","38","186"
"2349","38","635"
"2350","34","635"
"2351","38","172"
"2352","82","172"
"2353","42","506"
"2356","14","448"
"2357","74","448"
"2358","9","675"
"2359","18","675"
"2364","39","78"
"2366","42","225"
"2367","18","225"
"2376","18","625"
"2378","42","625"
"2379","119","625"
"2381","42","636"
"2382","119","636"
"2383","18","84"
"2384","34","84"
"2385","39","84"
"2386","42","84"
"2389","74","129"
"2390","38","129"
"2392","119","396"
"2394","5","54"
"2395","7","601"
"2396","119","601"
"2397","42","601"
"2402","34","38"
"2403","119","38"
"2424","18","441"
"2425","14","441"
"2426","42","441"
"2427","34","441"
"2428","34","327"
"2429","18","252"
"2430","39","252"
"2431","42","252"
"2433","34","252"
"2434","119","252"
"2445","34","126"
"2447","9","126"
"2448","18","156"
"2449","39","156"
"2450","42","156"
"2452","6","156"
"2454","9","156"
"2455","38","156"
"2456","61","156"
"2457","15","156"
"2458","81","156"
"2464","18","202"
"2465","39","202"
"2466","42","202"
"2470","34","386"
"2471","42","475"
"2472","39","475"
"2473","18","507"
"2474","39","507"
"2475","42","507"
"2480","38","118"
"2482","18","317"
"2483","34","317"
"2484","42","317"
"2485","119","317"
"2487","38","318"
"2488","18","318"
"2492","18","423"
"2493","34","423"
"2494","38","423"
"2495","39","555"
"2496","42","555"
"2497","115","555"
"2498","34","553"
"2499","39","583"
"2500","42","583"
"2502","6","583"
"2503","14","583"
"2504","34","584"
"2507","119","584"
"2513","39","656"
"2514","42","656"
"2516","18","643"
"2518","39","643"
"2524","18","644"
"2525","18","25"
"2527","38","588"
"2528","39","588"
"2530","82","588"
"2536","18","714"
"2537","18","711"
"2538","18","712"
"2539","18","715"
"2540","18","713"
"2545","6","710"
"2546","39","710"
"2547","42","710"
"2550","34","117"
"2552","119","117"
"2554","9","484"
"2555","5","550"
"2556","6","550"
"2558","18","550"
"2559","34","550"
"2560","39","550"
"2561","115","550"
"2562","42","550"
"2563","5","395"
"2564","6","395"
"2566","18","395"
"2567","39","395"
"2571","7","161"
"2572","119","161"
"2573","9","161"
"2574","42","161"
"2575","6","161"
"2578","58","161"
"2579","39","192"
"2580","42","192"
"2588","18","664"
"2589","34","664"
"2590","38","664"
"2591","39","664"
"2592","42","664"
"2599","119","592"
"2600","34","591"
"2601","39","591"
"2602","42","591"
"2605","34","199"
"2606","119","199"
"2609","5","341"
"2611","102","341"
"2612","18","341"
"2613","34","341"
"2614","124","341"
"2615","61","341"
"2616","74","341"
"2618","34","720"
"2619","34","722"
"2620","39","689"
"2621","42","689"
"2633","34","651"
"2634","119","651"
"2639","18","599"
"2640","34","599"
"2657","34","92"
"2661","34","44"
"2668","144","88"
"2670","102","344"
"2671","39","344"
"2678","18","170"
"2679","7","439"
"2680","119","439"
"2681","42","439"
"2682","6","724"
"2684","39","724"
"2685","42","724"
"2689","42","691"
"2690","102","691"
"2692","18","206"
"2697","34","726"
"2699","39","727"
"2707","6","131"
"2708","9","131"
"2709","14","131"
"2710","18","131"
"2711","38","131"
"2712","39","131"
"2715","125","131"
"2716","61","131"
"2717","82","131"
"2719","39","460"
"2720","34","139"
"2722","34","729"
"2724","42","644"
"2725","34","730"
"2732","34","721"
"2738","38","492"
"2739","42","492"
"2743","18","408"
"2744","38","408"
"2745","39","408"
"2750","18","661"
"2751","42","661"
"2752","119","429"
"2753","18","374"
"2754","42","374"
"2755","39","374"
"2757","38","374"
"2758","34","732"
"2759","18","91"
"2760","34","91"
"2761","39","91"
"2762","42","91"
"2763","58","91"
"2764","119","91"
"2765","18","352"
"2766","42","352"
"2767","34","86"
"2770","34","734"
"2774","42","172"
"2777","145","697"
"2780","18","735"
"2781","38","735"
"2782","39","735"
"2783","42","735"
"2785","42","107"
"2786","39","107"
"2788","20","107"
"2790","18","335"
"2791","6","335"
"2792","14","335"
"2793","39","335"
"2794","42","62"
"2795","14","62"
"2796","102","62"
"2797","38","62"
"2798","18","344"
"2799","82","344"
"2805","6","242"
"2806","9","242"
"2808","18","242"
"2809","39","242"
"2810","42","242"
"2811","34","243"
"2812","42","455"
"2813","115","455"
"2815","39","170"
"2816","39","426"
"2820","18","619"
"2821","38","619"
"2822","39","619"
"2823","136","92"
"2824","13","92"
"2825","34","103"
"2827","13","103"
"2831","136","599"
"2834","34","671"
"2835","42","73"
"2837","18","177"
"2838","18","477"
"2848","119","263"
"2849","7","686"
"2850","119","686"
"2851","42","686"
"2854","149","738"
"2855","150","739"
"2856","6","492"
"2857","18","163"
"2869","119","740"
"2870","58","740"
"3866","102","161"
"3867","34","740"
"3868","42","740"
"3878","34","624"
"3879","119","624"
"3880","42","624"
"3881","18","624"
"3888","42","631"
"3889","18","631"
"3890","5","483"
"3891","6","483"
"3893","18","483"
"3894","34","483"
"3895","39","483"
"3896","42","483"
"3897","14","483"
"3898","115","483"
"3899","71","723"
"3901","18","41"
"3902","42","41"
"3904","151","744"
"3905","151","695"
"3906","151","745"
"3907","39","691"
"3909","18","552"
"3910","38","552"
"3911","131","55"
"3912","131","724"
"3913","131","131"
"3914","131","156"
"3915","131","227"
"3916","131","341"
"3918","131","423"
"3919","131","710"
"3921","18","529"
"3922","38","529"
"3923","39","529"
"3924","42","529"
"3925","42","606"
"3928","12","1"
"3929","12","5"
"3930","12","21"
"3931","12","25"
"3932","12","32"
"3933","12","34"
"3934","12","36"
"3935","12","43"
"3937","12","53"
"3938","12","54"
"3939","12","62"
"3940","12","65"
"3942","12","73"
"3943","12","75"
"3944","12","78"
"3945","12","84"
"3946","12","96"
"3948","12","107"
"3949","12","109"
"3950","12","113"
"3951","12","118"
"3952","12","129"
"3953","12","131"
"3954","12","135"
"3955","12","138"
"3958","12","156"
"3959","12","160"
"3960","12","172"
"3961","12","180"
"3962","12","183"
"3963","12","186"
"3964","12","190"
"3965","12","198"
"3966","12","202"
"3967","12","206"
"3968","12","212"
"3970","12","219"
"3971","12","227"
"3972","12","242"
"3973","12","252"
"3974","12","256"
"3975","12","261"
"3976","12","267"
"3977","12","274"
"3978","12","276"
"3979","12","282"
"3980","12","285"
"3981","12","300"
"3982","12","310"
"3983","12","318"
"3984","12","322"
"3985","12","324"
"3986","12","327"
"3987","12","329"
"3988","12","335"
"3989","12","341"
"3990","12","344"
"3991","12","352"
"3993","12","374"
"3994","12","377"
"3995","12","380"
"3997","12","395"
"3998","12","400"
"3999","12","403"
"4000","12","408"
"4001","12","415"
"4003","12","423"
"4004","12","426"
"4005","12","427"
"4006","12","441"
"4007","12","445"
"4008","12","448"
"4009","12","455"
"4010","12","460"
"4011","12","468"
"4012","12","473"
"4013","12","478"
"4014","12","483"
"4015","12","486"
"4016","12","492"
"4017","12","503"
"4018","12","506"
"4019","12","513"
"4021","12","517"
"4022","12","519"
"4023","12","524"
"4024","12","529"
"4025","12","538"
"4026","12","550"
"4027","12","552"
"4028","12","559"
"4029","12","564"
"4031","12","575"
"4032","12","577"
"4033","12","583"
"4034","12","588"
"4035","12","591"
"4037","12","597"
"4038","12","608"
"4039","12","616"
"4040","12","619"
"4041","12","626"
"4042","12","629"
"4043","12","635"
"4044","12","637"
"4045","12","643"
"4046","12","653"
"4047","12","656"
"4049","12","664"
"4050","12","671"
"4051","12","678"
"4053","12","689"
"4054","12","691"
"4056","34","653"
"4057","12","420"
"4058","34","654"
"4059","119","654"
"4060","149","654"
"4061","14","180"
"4062","34","180"
"4063","6","478"
"4064","14","478"
"4065","42","478"
"4066","39","478"
"4067","116","478"
"4070","34","208"
"4074","18","608"
"4075","42","608"
"4076","38","608"
"4077","34","575"
"4079","12","125"
"4080","12","727"
"4081","12","91"
"4082","12","362"
"4083","136","584"
"4085","18","473"
"4086","42","473"
"4087","39","473"
"4088","149","473"
"4089","150","473"
"4090","34","733"
"4091","34","473"
"4092","12","111"
"4093","154","341"
"4096","38","377"
"4097","119","468"
"4101","39","65"
"4102","38","65"
"4103","34","486"
"4104","119","746"
"4105","155","746"
"4106","157","746"
"4107","150","747"
"4108","39","748"
"4109","42","748"
"4111","12","748"
"4112","6","748"
"4116","34","749"
"4118","119","749"
"4201","18","748"
"4202","5","750"
"4203","6","750"
"4204","101","750"
"4205","12","750"
"4206","102","750"
"4207","15","750"
"4208","18","750"
"4209","39","750"
"4210","42","750"
"4211","61","750"
"4212","74","750"
"4213","81","750"
"4214","82","750"
"4216","71","751"
"4223","34","752"
"4224","34","349"
"4225","102","602"
"4227","38","750"
"4228","38","135"
"4230","6","135"
"4231","102","135"
"4232","18","135"
"4233","39","135"
"4234","42","135"
"4235","82","135"
"4236","149","135"
"4237","34","135"
"4238","159","750"
"4239","12","735"
"4240","131","750"
"4241","18","521"
"4242","34","521"
"4244","13","521"
"4245","81","706"
"4248","136","167"
"4249","119","167"
"4250","18","351"
"4251","119","351"
"4252","136","351"
"4254","18","457"
"4255","119","457"
"4256","136","457"
"4258","34","755"
"4259","119","755"
"4261","34","756"
"4265","119","756"
"4266","12","411"
"4269","34","425"
"4271","119","425"
"4272","136","425"
"4273","18","727"
"4274","18","425"
"4275","161","757"
"4280","152","54"
"4281","162","230"
"4283","18","427"
"4284","34","427"
"4285","39","427"
"4286","115","427"
"4287","42","427"
"4288","18","754"
"4296","164","736"
"4297","167","737"
"4298","166","737"
"4299","161","152"
"4304","18","759"
"4305","39","759"
"4306","42","759"
"4307","12","759"
"4308","18","496"
"4309","71","158"
"4311","34","281"
"4312","119","281"
"4315","119","264"
"4316","160","329"
"4317","12","152"
"4318","18","152"
"4319","160","170"
"4322","39","1429"
"4323","160","1429"
"4324","12","1429"
"4325","18","402"
"4326","34","402"
"4327","18","227"
"4328","160","227"
"4329","34","227"
"4331","42","285"
"4332","6","408"
"4333","170","408"
"4334","171","1430"
"4335","18","564"
"4336","34","566"
"4337","38","5"
"4342","18","638"
"4343","160","638"
"4344","14","638"
"4345","9","638"
"4346","159","638"
"4347","18","324"
"4348","39","324"
"4349","160","324"
"4350","177","131"
"4351","175","131"
"4352","158","131"
"4354","159","186"
"4355","18","1431"
"4356","38","1431"
"4357","12","1431"
"4358","160","1431"
"4359","20","475"
"4360","34","1432"
"4361","18","1432"
"4362","12","1432"
"4363","176","1432"
"4364","38","1432"
"4365","175","750"
"4366","175","341"
"4368","175","54"
"4369","149","1433"
"4370","157","1432"
"4372","39","606"
"4374","182","395"
"4376","18","118"
"4379","18","1429"
"4386","39","267"
"4387","38","267"
"4388","34","1437"
"4389","34","460"
"4390","38","460"
"4392","18","129"
"4393","34","129"
"4396","159","84"
"4397","39","1431"
"4398","39","285"
"4399","6","374"
"4400","9","374"
"4401","14","374"
"4402","159","374"
"4403","14","408"
"4404","159","408"
"4405","9","460"
"4406","14","460"
"4407","159","460"
"4408","9","492"
"4409","14","492"
"4410","159","492"
"4411","39","538"
"4412","136","679"
"4423","119","729"
"4424","38","138"
"4425","38","276"
"4426","177","276"
"4427","18","415"
"4428","177","415"
"4429","136","112"
"4430","12","67"
"4431","18","67"
"4432","38","67"
"4433","39","67"
"4434","177","118"
"4437","6","362"
"4438","38","362"
"4441","61","411"
"4442","9","426"
"4443","125","426"
"4444","82","426"
"4445","177","426"
"4446","9","503"
"4447","14","503"
"4448","125","503"
"4449","82","503"
"4450","177","503"
"4451","9","588"
"4452","14","588"
"4453","125","588"
"4454","6","643"
"4455","38","643"
"4456","177","643"
"4460","39","341"
"4461","119","733"
"4462","119","734"
"4463","119","730"
"4464","119","139"
"4465","119","721"
"4466","119","363"
"4468","119","488"
"4471","119","360"
"4473","119","413"
"4474","119","120"
"4475","119","205"
"4477","119","292"
"4478","150","340"
"4479","119","340"
"4480","42","361"
"4481","39","1439"
"4482","42","1439"
"4483","6","1439"
"4484","74","1439"
"4485","15","1439"
"4486","5","1439"
"4487","61","1439"
"4488","18","1439"
"4489","107","1439"
"4490","116","1439"
"4491","131","1439"
"4492","12","1439"
"4493","82","1439"
"4494","169","1439"
"4495","18","166"
"4496","39","166"
"4497","18","247"
"4508","7","644"
"4509","119","644"
"4510","34","1441"
"4511","164","1444"
"4512","188","1443"
"4515","34","107"
"4517","18","590"
"4518","34","590"
"4522","18","1441"
"4523","160","1441"
"4524","18","1445"
"4525","34","1445"
"4526","12","1445"
"4527","39","650"
"4529","34","1446"
"4531","119","86"
"4532","119","89"
"4533","34","105"
"4534","119","115"
"4536","34","123"
"4537","136","124"
"4539","34","169"
"4540","34","295"
"4541","34","171"
"4542","34","173"
"4543","119","173"
"4544","159","178"
"4545","34","217"
"4547","34","224"
"4548","119","224"
"4550","34","254"
"4551","136","268"
"4552","34","760"
"4553","119","760"
"4554","34","277"
"4555","119","277"
"4557","34","286"
"4558","119","286"
"4559","159","286"
"4560","159","284"
"4561","34","290"
"4562","119","290"
"4563","136","301"
"4564","119","301"
"4565","159","749"
"4566","149","749"
"4567","149","313"
"4568","119","321"
"4569","159","321"
"4577","119","342"
"4578","179","342"
"4580","189","364"
"4581","164","755"
"4582","119","370"
"4584","190","115"
"4585","190","127"
"4587","190","370"
"4590","34","383"
"4591","18","383"
"4592","136","383"
"4593","34","389"
"4594","119","389"
"4595","159","389"
"4596","18","389"
"4597","136","389"
"4598","179","389"
"4599","34","398"
"4600","119","400"
"4601","159","400"
"4602","34","409"
"4603","119","409"
"4604","159","409"
"4605","18","409"
"4606","136","409"
"4607","34","416"
"4608","18","416"
"4609","159","416"
"4610","34","418"
"4611","119","418"
"4612","159","418"
"4613","18","418"
"4614","136","418"
"4615","179","418"
"4616","34","421"
"4617","119","421"
"4618","159","421"
"4619","34","432"
"4620","18","432"
"4621","34","440"
"4622","159","440"
"4623","136","440"
"4624","179","440"
"4625","119","443"
"4626","159","443"
"4627","119","446"
"4628","159","446"
"4629","136","446"
"4630","18","446"
"4631","18","443"
"4632","34","450"
"4633","119","450"
"4634","159","450"
"4635","136","450"
"4636","163","450"
"4637","34","456"
"4638","119","456"
"4639","159","456"
"4640","18","456"
"4641","136","456"
"4644","34","469"
"4645","119","469"
"4646","159","469"
"4647","18","469"
"4649","159","476"
"4650","179","476"
"4651","34","482"
"4652","119","482"
"4653","159","482"
"4654","119","485"
"4655","159","485"
"4656","34","494"
"4657","119","494"
"4658","159","494"
"4659","34","495"
"4660","119","495"
"4662","119","497"
"4669","34","504"
"4670","159","693"
"4671","179","693"
"4672","136","693"
"4673","34","546"
"4674","119","546"
"4675","159","546"
"4676","136","546"
"4677","190","546"
"4678","163","546"
"4679","34","434"
"4680","119","434"
"4681","159","434"
"4682","18","434"
"4683","34","681"
"4684","119","681"
"4685","159","681"
"4686","18","681"
"4687","179","681"
"4688","136","681"
"4689","163","681"
"4690","34","549"
"4691","119","549"
"4692","159","549"
"4693","136","549"
"4694","190","549"
"4695","34","672"
"4696","119","672"
"4697","159","672"
"4698","18","672"
"4704","34","662"
"4705","119","662"
"4706","159","662"
"4707","159","659"
"4708","136","659"
"4709","159","651"
"4710","18","651"
"4711","149","651"
"4712","136","651"
"4713","177","651"
"4714","34","648"
"4716","159","641"
"4717","18","641"
"4718","34","639"
"4719","119","639"
"4720","159","639"
"4721","136","639"
"4722","34","634"
"4723","119","634"
"4724","159","634"
"4725","18","634"
"4726","34","630"
"4727","119","630"
"4728","159","630"
"4729","159","627"
"4730","179","627"
"4731","34","623"
"4732","119","623"
"4733","159","623"
"4737","119","618"
"4738","159","618"
"4739","136","618"
"4740","34","612"
"4742","34","609"
"4743","119","609"
"4749","34","605"
"4750","159","600"
"4751","159","599"
"4752","13","599"
"4754","159","592"
"4755","18","592"
"4756","136","592"
"4757","119","590"
"4758","159","590"
"4762","159","585"
"4763","163","585"
"4764","34","586"
"4765","119","586"
"4766","159","586"
"4767","18","586"
"4768","136","586"
"4769","179","584"
"4770","159","584"
"4771","34","581"
"4772","119","581"
"4773","34","578"
"4774","119","578"
"4775","159","578"
"4776","18","578"
"4777","163","578"
"4778","34","573"
"4779","119","573"
"4780","34","572"
"4781","119","572"
"4782","18","572"
"4783","136","572"
"4784","34","570"
"4785","119","570"
"4786","159","568"
"4787","34","565"
"4788","119","565"
"4789","159","565"
"4790","18","565"
"4791","136","565"
"4792","34","563"
"4793","119","563"
"4794","159","563"
"4795","34","561"
"4796","119","561"
"4797","159","561"
"4798","34","558"
"4799","119","558"
"4800","159","558"
"4801","136","558"
"4802","34","556"
"4803","119","556"
"4804","34","554"
"4805","119","554"
"4806","159","554"
"4807","164","554"
"4808","159","551"
"4809","18","551"
"4810","179","551"
"4811","136","551"
"4812","34","548"
"4813","34","547"
"4814","119","547"
"4815","159","547"
"4816","159","351"
"4817","34","542"
"4818","119","542"
"4819","159","542"
"4820","179","542"
"4821","136","542"
"4822","159","540"
"4823","18","540"
"4824","163","540"
"4825","34","218"
"4826","159","218"
"4827","159","536"
"4828","179","536"
"4829","136","536"
"4830","34","534"
"4831","119","534"
"4832","159","534"
"4833","18","534"
"4834","119","532"
"4835","159","532"
"4836","119","531"
"4837","159","531"
"4838","34","525"
"4839","119","525"
"4840","159","525"
"4841","119","523"
"4842","159","523"
"4843","159","522"
"4844","179","522"
"4845","136","522"
"4846","159","521"
"4847","159","520"
"4848","13","520"
"4849","136","520"
"4850","34","518"
"4851","119","518"
"4852","159","518"
"4853","136","518"
"4854","119","1432"
"4855","119","514"
"4856","159","514"
"4857","18","514"
"4858","136","514"
"4859","34","613"
"4860","119","613"
"4861","159","613"
"4862","18","613"
"4863","136","613"
"4864","34","263"
"4865","119","508"
"4866","159","508"
"4867","179","508"
"4868","18","508"
"4869","136","508"
"4870","34","505"
"4871","119","505"
"4872","159","505"
"4873","18","505"
"4874","136","505"
"4875","159","504"
"4876","179","504"
"4877","159","499"
"4878","159","498"
"4879","159","497"
"4881","119","487"
"4882","159","487"
"4883","159","484"
"4884","119","481"
"4885","159","481"
"4886","34","479"
"4887","159","479"
"4888","119","474"
"4889","159","474"
"4890","18","474"
"4891","136","474"
"4892","34","471"
"4893","119","471"
"4895","34","464"
"4896","119","464"
"4897","18","464"
"4898","159","462"
"4901","159","457"
"4902","119","453"
"4903","159","453"
"4904","136","453"
"4905","34","625"
"4906","159","625"
"4907","34","433"
"4908","119","433"
"4909","159","433"
"4910","159","429"
"4911","34","431"
"4912","119","431"
"4915","34","422"
"4916","119","422"
"4917","159","422"
"4918","136","422"
"4919","159","413"
"4920","34","392"
"4923","34","390"
"4924","119","390"
"4925","159","390"
"4926","119","381"
"4927","159","381"
"4928","163","381"
"4929","159","379"
"4930","136","379"
"4931","159","378"
"4932","18","378"
"4933","159","373"
"4935","159","370"
"4936","159","755"
"4937","159","363"
"4938","159","721"
"4939","159","360"
"4940","159","756"
"4941","179","756"
"4942","119","359"
"4943","159","359"
"4944","13","359"
"4945","119","1437"
"4946","159","1437"
"4947","13","1437"
"4951","34","354"
"4952","119","354"
"4953","159","354"
"4954","18","354"
"4955","136","354"
"4956","34","346"
"4957","119","346"
"4958","159","346"
"4959","34","652"
"4960","119","652"
"4961","159","652"
"4962","159","340"
"4963","119","337"
"4964","159","337"
"4965","34","332"
"4966","159","331"
"4967","34","328"
"4968","119","328"
"4969","159","328"
"4970","119","323"
"4971","159","323"
"4972","136","323"
"4973","34","319"
"4974","119","319"
"4975","159","319"
"4976","18","319"
"4977","159","314"
"4978","18","313"
"4979","159","313"
"4980","119","313"
"4981","159","309"
"4984","34","302"
"4985","159","301"
"4987","159","297"
"4989","159","292"
"4990","34","288"
"4991","119","284"
"4992","136","284"
"4993","34","280"
"4994","119","280"
"4995","159","280"
"4996","159","730"
"4997","34","275"
"4998","119","275"
"4999","159","275"
"5000","18","275"
"5001","163","275"
"5002","34","273"
"5003","119","273"
"5004","159","273"
"5005","34","272"
"5006","119","272"
"5007","159","272"
"5008","159","268"
"5009","34","266"
"5010","159","266"
"5011","119","266"
"5012","159","262"
"5013","18","262"
"5019","159","258"
"5020","34","255"
"5021","119","255"
"5022","159","255"
"5023","13","255"
"5024","136","255"
"5025","119","253"
"5026","159","253"
"5027","18","253"
"5028","136","253"
"5033","34","248"
"5034","119","248"
"5035","159","248"
"5036","18","248"
"5037","136","248"
"5038","34","244"
"5039","119","244"
"5040","159","244"
"5041","34","240"
"5042","119","240"
"5043","159","240"
"5045","34","235"
"5046","119","235"
"5047","159","235"
"5048","119","233"
"5049","159","233"
"5050","34","231"
"5051","119","231"
"5052","159","230"
"5053","119","228"
"5054","159","228"
"5055","18","228"
"5057","34","220"
"5058","119","220"
"5059","159","220"
"5060","18","220"
"5061","163","220"
"5062","34","216"
"5063","159","216"
"5064","18","216"
"5065","136","216"
"5066","34","211"
"5067","159","211"
"5068","119","208"
"5069","159","208"
"5070","179","208"
"5071","18","208"
"5072","13","208"
"5073","136","208"
"5074","159","204"
"5075","18","204"
"5076","136","204"
"5077","159","199"
"5078","136","199"
"5079","34","197"
"5081","34","191"
"5082","119","191"
"5083","159","191"
"5084","18","191"
"5085","34","189"
"5086","119","189"
"5087","34","187"
"5088","119","187"
"5089","159","187"
"5090","18","187"
"5091","13","187"
"5092","136","187"
"5095","34","541"
"5096","119","541"
"5097","159","541"
"5098","18","541"
"5099","34","182"
"5100","119","182"
"5101","159","181"
"5102","18","181"
"5103","18","178"
"5104","34","176"
"5105","119","176"
"5110","34","165"
"5111","119","165"
"5112","34","164"
"5113","119","164"
"5114","159","164"
"5115","18","164"
"5116","34","742"
"5117","119","742"
"5118","159","742"
"5119","179","742"
"5120","136","742"
"5121","34","162"
"5122","34","159"
"5123","119","159"
"5124","159","159"
"5125","18","159"
"5126","34","153"
"5127","119","153"
"5128","34","151"
"5129","119","151"
"5130","159","151"
"5131","119","148"
"5132","159","148"
"5133","136","148"
"5134","34","142"
"5135","159","139"
"5136","34","136"
"5137","119","136"
"5138","159","136"
"5139","18","136"
"5141","34","133"
"5142","119","133"
"5143","34","130"
"5144","119","130"
"5145","159","130"
"5146","34","128"
"5147","119","128"
"5148","159","128"
"5149","136","128"
"5150","159","127"
"5151","18","127"
"5152","119","124"
"5153","159","124"
"5154","34","121"
"5155","159","117"
"5156","136","117"
"5157","159","115"
"5158","18","115"
"5159","159","112"
"5160","34","110"
"5161","119","110"
"5162","159","110"
"5163","18","110"
"5164","136","110"
"5165","34","106"
"5166","119","105"
"5167","159","105"
"5168","119","103"
"5169","159","103"
"5170","34","99"
"5171","34","94"
"5172","119","94"
"5173","159","94"
"5174","136","94"
"5175","119","92"
"5176","159","92"
"5177","159","91"
"5178","159","87"
"5179","34","80"
"5180","159","80"
"5181","34","76"
"5182","119","76"
"5183","159","76"
"5184","18","76"
"5185","34","544"
"5186","119","544"
"5187","159","544"
"5188","34","74"
"5189","119","74"
"5190","18","74"
"5191","136","74"
"5192","34","71"
"5193","119","71"
"5194","159","71"
"5195","18","71"
"5198","119","66"
"5199","159","66"
"5200","119","63"
"5205","34","58"
"5206","119","58"
"5207","159","58"
"5208","18","58"
"5209","34","666"
"5210","119","666"
"5211","159","52"
"5212","18","52"
"5213","159","51"
"5214","34","50"
"5215","119","50"
"5216","159","50"
"5217","136","50"
"5218","34","49"
"5219","119","49"
"5220","159","49"
"5221","136","49"
"5222","119","48"
"5223","159","48"
"5224","179","48"
"5225","136","48"
"5226","34","47"
"5227","159","45"
"5228","34","203"
"5229","119","203"
"5230","159","203"
"5231","136","203"
"5232","119","44"
"5233","159","44"
"5234","18","44"
"5235","119","42"
"5236","159","42"
"5237","34","40"
"5238","119","40"
"5239","159","40"
"5240","159","38"
"5241","18","38"
"5242","34","37"
"5243","119","37"
"5244","159","37"
"5245","18","37"
"5246","34","35"
"5247","119","35"
"5248","159","35"
"5249","18","35"
"5253","34","29"
"5254","119","29"
"5255","136","26"
"5256","159","23"
"5257","34","19"
"5258","119","19"
"5259","18","19"
"5260","136","19"
"5261","34","18"
"5262","119","16"
"5263","159","16"
"5264","159","729"
"5267","119","13"
"5268","159","13"
"5269","136","13"
"5274","159","752"
"5275","159","10"
"5278","119","7"
"5279","159","7"
"5280","159","733"
"5281","179","733"
"5283","34","3"
"5284","159","2"
"5285","71","1447"
"5286","119","605"
"5287","163","605"
"5288","136","605"
"5289","159","423"
"5290","179","423"
"5291","119","548"
"5292","151","1449"
"5293","151","1448"
"5294","161","326"
"5295","161","1450"
"5296","161","749"
"5297","192","1442"
"5298","190","1442"
"5299","34","32"
"5300","119","32"
"5301","159","32"
"5302","13","32"
"5303","20","389"
"5304","192","1451"
"5305","42","5"
"5306","18","403"
"5307","42","403"
"5308","38","403"
"5309","159","403"
"5310","18","686"
"5311","12","686"
"5312","34","1452"
"5313","119","1452"
"5314","159","1452"
"5315","18","1452"
"5316","18","1453"
"5317","39","1453"
"5318","42","1453"
"5319","34","1453"
"5320","119","1453"
"5321","12","1453"
"5322","34","1457"
"5323","119","1457"
"5324","159","1457"
"5325","18","1457"
"5326","136","1457"
"5327","179","1457"
"5328","20","1457"
