"court_contacts_general_id","court_contacts_general_no","court_id","court_contact_type_id","court_contact_general_order"
"3","01633 645000","3","12",""
"6","01254 237490 / 398173","6","12","1"
"9","01252 796800","9","12","1"
"10","01252 366000","10","12",""
"13","01252 366000","13","12",""
"14","0161 975 4760","14","12",""
"16","01252 366000","16","12",""
"19","0161 330 2023","19","12",""
"20","01296 554326 / 554327","21","12","1"
"21","01296 434401","22","12",""
"22","01908 451145","23","12","0"
"24","01295 452090","25","12",""
"25","01865 448020","26","12","1"
"27","01286 669755","28","12","1"
"29","020 8343 4272","30","12",""
"31","01226 320000","32","12","1"
"35","01229 840370","36","12","2"
"36","01229 820161","37","12",""
"39","01245 313300","40","12",""
"40","01256 318200","41","12","1"
"41","01256 318200","42","12","0"
"42","01225 476730","43","12","1"
"43","01225 463281","44","12",""
"44","01234 319100","45","12","1"
"46","01289 306885","48","12",""
"47","01482 861607","49","12",""
"49","01865 448020","51","12","1"
"54","0121 681 3300","56","12",""
"55","0121 681 3400","57","12",""
"56","0121 212 6600","58","12",""
"57","0121 212 6600","59","12",""
"62","020 7922 5800","64","12","1"
"63","01253 754020","65","12","1"
"64","01253 757000","66","12",""
"68","01208 261580","70","12","1"
"70","01208 261581","72","12","1"
"71","01204 392881","73","12",""
"72","01204 558200","74","12",""
"73","01205 366080","75","12",""
"74","01754 898848","76","12",""
"76","01202 502800","78","12",""
"77","01202 502800","79","12",""
"78","01202 745309","80","12",""
"79","020 8536 5200","81","12","1"
"82","01274 840274","84","12",""
"83","01274 390111","85","12",""
"84","01874 622993","86","113","1"
"85","0208 955 0555","87","12","0"
"86","020 8231 8940","88","12",""
"89","01656 673 800","91","294","2"
"91","01482 861607","94","12",""
"93","01273 674421","96","12",""
"95","01273 573510","98","12",""
"96","01273 670888","99","12",""
"98","0117 976 3030","101","12",""
"100","0117 930 2400","103","12",""
"101","020 8290 9620","104","12",""
"104","01282 800100","108","12","0"
"106","01785 275700","110","12","0"
"107","0161 447 8699","111","12","1"
"108","0161 447 8600","112","12",""
"110","01473 228585","114","12",""
"111","01473 217261","115","12","0"
"113","01298 23951","117","12",""
"114","01286 684600","118","12",""
"115","01352 707340","119","12","1"
"116","01286 669700","120","12","1"
"117","01633 645000","121","12",""
"122","01223 488321","126","12",""
"123","0845 310 0575","127","12",""
"124","01785 275700","128","12","0"
"125","01227 819200","129","12",""
"126","01304 218600","130","12",""
"128","02920 678730","132","12","0"
"129","029 2046 3040","133","12","1"
"130","02920 474373","134","12","1"
"132","01228 518800","136","12",""
"133","0191 211 2170","137","12","0"
"134","01267 245060","138","12","1"
"135","01554 757201","139","12",""
"136","01267 245057","140","12","0"
"138","01296 554350","142","12",""
"139","020 7248 3277","143","12",""
"140","01609 783539","144","12",""
"141","020 7917 5000","145","12",""
"144","01634 830232","148","12",""
"146","01245 603000","150","12",""
"149","01452 420100","153","12",""
"151","01244 404200","156","213",""
"154","01244 405790","159","12","1"
"155","01246 501200","160","12",""
"156","01246 224040","161","12",""
"157","0191 387 0700","162","12",""
"158","01243 520700","163","130",""
"159","01903 210981","164","12","1"
"160","01249 463473","165","12",""
"162","01257 240500","167","12","0"
"164","020 7250 7200","170","113","1"
"169","0191 387 0700","176","12",""
"170","01745 352940","177","12","1"
"171","01604 497000","178","12",""
"174","02476 630 666","181","12","1"
"175","01273 670888","182","12","0"
"176","01270 539300","183","12",""
"180","020 8686 8680","187","12","0"
"182","01633 645000","189","12","1"
"183","01325 463224","190","12","1"
"184","01325 318114","191","12",""
"185","01322 627600","192","12","0"
"186","01634 830232","193","12",""
"190","01492 871333","197","12",""
"191","01332 622600","198","12",""
"192","01332 362000","199","12",""
"198","01286 669700","205","12","1"
"199","01302 381730","206","12",""
"200","01302 322211","207","12",""
"201","01302 366711","208","12",""
"202","01305 265867","209","12","1"
"204","01304 218600","211","12",""
"205","01384 394232","212","12","1"
"206","01384 211411","213","12",""
"208","0191 386 6714","215","12",""
"209","0191 387 0700","216","12",""
"211","0118 980 1800","218","12","0"
"212","01323 727518","219","12",""
"213","01424 437644","220","12",""
"214","020 8884 6500","221","63",""
"220","01392 415300","227","12",""
"221","01392 415300","228","12","1"
"222","01392 415370","229","12",""
"223","02392 819421","230","12","1"
"226","01253 757000","233","12",""
"228","01304 218600","235","12",""
"230","01229 820161","237","12",""
"232","0191 477 5821","239","12","0"
"233","0191 4775821","240","12",""
"237","01452 420100","244","12",""
"238","01452 834966","245","12",""
"241","01476 563438","248","12",""
"245","01472 265200","252","130",""
"248","01472 320444","255","12",""
"249","01483 405300","256","12",""
"250","01483 468500","257","12",""
"251","01483 405300","258","12",""
"254","01422 344700","261","12",""
"255","01422 360695","262","12",""
"259","01245 313300","266","12",""
"260","01423 503921","267","12",""
"261","01423 722 000","268","12",""
"262","020 8424 2294","269","12",""
"264","01429 268198","271","12","1"
"265","01429 271451","272","12",""
"268","01424 437644","275","12",""
"269","01437 772060","276","12",""
"275","01432 276118","283","12",""
"276","01562 514000","284","12",""
"278","01438 730412","286","12","1"
"280","01908 451145","288","12","0"
"282","01509 215715","290","12","0"
"284","01286 669700","292","12","1"
"288","01403 252474","296","12",""
"291","01273 229200","299","12",""
"292","01484 421043","300","12",""
"293","01484 423552","301","12",""
"294","01482 328914","302","12",""
"300","020 7234 3100","308","12",""
"301","020 7805 3400","309","12",""
"303","01473 228 585","311","12",""
"304","01473 284260","312","12",""
"305","01473 217261","313","12",""
"306","01872 321900","314","12",""
"307","020 8380 4500","315","12",""
"310","01228 882140","318","12","1"
"311","01229 820161","319","12",""
"312","01536 512471","320","12",""
"313","01604 497000","321","12",""
"315","01562 514000","323","12",""
"317","01603 728200","325","12","0"
"318","01603 679500","326","12","1"
"319","01482 586161","327","12",""
"320","01482 328914","328","12",""
"321","020 8972 8700","329","12",""
"322","020 8240 2500","330","12",""
"325","01244 317606","333","12","0"
"326","020 7091 4410","334","12",""
"327","01524 68112","335","12","0"
"330","0151 236 8264","338","12","1"
"334","0113 245 9653","342","12",""
"336","0116 222 5700","344","12","1"
"337","0116 222 5800","345","12",""
"338","0116 2553666","346","12",""
"343","01257 240500","351","12","1"
"344","01522 551500","352","12","0"
"345","01522 525222","353","12",""
"346","01522 528218","354","12",""
"347","01522 523 648","355","12",""
"349","0151 473 7373","357","12",""
"350","0151 236 8264","358","12",""
"351","0151 243 5500","359","12",""
"352","01492 871333","360","12","1"
"354","01286 684600","362","12","0"
"357","0845 3020 900","365","382","1"
"362","01473 217261","370","12","0"
"365","01582 524200","373","12","1"
"367","01582 522000","375","12",""
"369","01625 412800","377","12",""
"370","01270 655920","378","12","0"
"372","01622 202000","380","12",""
"373","01622 671041","381","12",""
"375","0161 830 4200","383","12",""
"377","0161 954 1800","385","12",""
"378","0161 954 7500","386","12",""
"382","01304 218600","390","12",""
"386","020 7796 5400","394","12",""
"387","01634 887900","395","12","1"
"388","01634 830232","396","12",""
"395","01642 340000","403","12","1"
"397","0191 211 2170","405","12","1"
"403","01978 317400","411","12","0"
"404","01352 707340","412","12",""
"405","01352 707330","413","12","0"
"406","01670 512221","414","113","1"
"407","01639 642267","415","12",""
"408","01639 765900","416","12","0"
"413","0118 980 1800 - Reading Magistrates' Court","421","12",""
"414","01782 741641","422","12","0"
"415","0191 201 2000","423","12","1"
"416","0191 211 2170","424","12",""
"417","0191 232 7326","425","12","0"
"418","01633 245040","426","12","1"
"419","01983 535 100","427","12","1"
"422","01633 266211","430","12",""
"423","01633 645000","431","12","0"
"424","01803 616365","432","12","1"
"425","01325 318114","433","12",""
"426","01454 310505","434","12",""
"430","0191 2982339","438","12","0"
"431","0191 296 0099","439","12",""
"432","01609 788200","440","12",""
"434","01604 497000","442","12",""
"435","01604 497000","443","12",""
"438","01603 679500","446","12",""
"439","01603 728267","447","12",""
"440","0115 910 3500","448","12","0"
"441","0115 910 3551","449","12",""
"443","0121 681 3400","451","12","0"
"447","0161 290 4200","455","12",""
"448","0161 620 2331","456","12",""
"449","01257 240500","457","12","0"
"452","01865 264200","460","12",""
"453","01865 793 050","461","12",""
"454","01865 448020","462","12","1"
"461","0845 310 0575","469","12","1"
"462","01473 284260","470","12","1"
"463","0191 387 0700","471","12",""
"466","01752 206200","474","12",""
"470","01443 490800","478","12",""
"471","01443 480750","479","12",""
"473","01202 745309","481","12","1"
"475","02392 893000","483","12",""
"476","02392 819421","484","12","1"
"477","01745 851916","485","12",""
"478","01772 844700","486","12",""
"479","01772 208000","487","12",""
"484","0118 987 0500","492","12",""
"485","0118 967 4400","493","12",""
"486","0118 980 1800","494","12","1"
"489","01562 514000","497","12",""
"490","01737 765581","498","12",""
"491","01282 800100","499","12","1"
"492","01737 763637","500","12",""
"495","01745 352940","503","12",""
"496","020 8271 2300","504","12",""
"498","01708 775353","506","12",""
"500","01709 839339","508","12",""
"510","01723 505000","518","12",""
"512","01724 281100","520","12",""
"515","01622 671041","523","12",""
"516","0114 281 2400","524","12",""
"517","0114 276 0760","525","12","1"
"518","0114 281 2596","526","12",""
"523","01952 204500","531","12","0"
"526","01754 898848","534","12",""
"527","01756 692650","535","12",""
"528","01423 722000","536","12","0"
"530","01753 690300","538","12",""
"531","020 8530 0000","539","12",""
"532","0121 705 8101","540","12",""
"533","01270 655920","541","12","1"
"534","01670 531100","542","12",""
"536","0151 933 6999","544","12",""
"537","0191 4563343","545","12","1"
"538","01935 426281","546","12",""
"539","0191 4558800","547","12","1"
"541","01905 743200","549","12",""
"545","01268 458000","553","12",""
"546","01245 313300","554","12","0"
"548","0151 933 6999","556","12",""
"549","020 7522 7200","557","12",""
"550","01476 563438","558","12",""
"552","01727 753220","560","12",""
"553","01923 297500","561","12","1"
"554","01744 620244","562","12","1"
"556","01785 610730","564","12","1"
"557","01785 275700","565","12","0"
"558","01889 503500","566","12",""
"559","01784 895900","567","12","1"
"560","01784 895500","568","12","1"
"562","01438 730412","570","12","1"
"564","0161 477 2020","572","12",""
"566","0121 681 3400","574","12","0"
"567","01782 854000","575","12",""
"569","01384 394232","577","12","1"
"573","01452 420100","581","12",""
"575","0191 5680750","583","12",""
"576","0191 5141621","584","12",""
"580","01792 485800","588","12",""
"581","01792 637000","589","12","0"
"582","01792 478300","590","12","1"
"583","01793 690500","591","12","1"
"584","01793 699800","592","12",""
"589","01823 281110","597","12",""
"590","01823 281100","598","12",""
"591","01823 257084","599","12",""
"592","01642 340000","600","12",""
"593","01642 240301","601","12",""
"594","01952 238280","602","12",""
"595","01952 204500","603","12",""
"597","01843 221722","606","12",""
"599","01803 616791","608","12",""
"600","01803 616365","609","12","1"
"604","0161 976 3333","613","12",""
"607","01872 267460","616","12",""
"608","01872 267420","617","12","1"
"609","01872 321900","618","12",""
"610","01892 700150","619","12","1"
"613","020 8756 3520","622","12",""
"614","0208 955 0555","623","12","0"
"618","01924 231100","627","12",""
"619","01922 638222","628","12",""
"620","01922 728855","629","12","1"
"622","0208 333 4351","631","12","1"
"625","0121 511 2222","634","12",""
"626","01925 256700","635","12",""
"627","01925 236250","636","12","1"
"630","01923 297500","639","12",""
"632","01604 497000","641","12",""
"634","01978 317400","643","12","1"
"638","020 8600 6868","647","12",""
"640","01823 257084","649","12",""
"642","01934 528 700","651","12","1"
"645","01305 783891","654","12",""
"650","01942 405405","659","12",""
"652","0208 963 8200","661","12",""
"653","020 8946 8622","662","12",""
"656","01962 897024","665","380",""
"657","0151 285 4100","666","12",""
"662","01902 481000","671","12","1"
"663","01902 773151","672","12",""
"664","020 8826 4100","673","12",""
"667","020 8312 7000","676","12","1"
"670","01905 743200","679","12",""
"672","01623 451500","681","12","0"
"674","01903 221920","683","12",""
"675","01903 210981","684","12",""
"680","01935 382150","689","12",""
"682","01904 688550","691","12",""
"683","01904 645121","692","12",""
"684","01904 818300","693","12","0"
"685","0113 389 6133","694","12","1"
"688","01633 645179","3","5","0"
"691","01254 393869","6","5","2"
"694","0870 3240155 (Goldfax)","9","5","2"
"695","01252 330877","10","5",""
"698","01252 330877","13","5",""
"699","0161 975 4761","14","5",""
"701","01962 814150","16","5","0"
"704","0161 343 1498","19","5",""
"705","01296 554320","21","5","2"
"706","01296 435665","22","5",""
"707","01296 554320","23","5",""
"708","01295 452051","25","5",""
"709","01865 448024","26","5","2"
"711","01286 671509","28","5","2"
"713","020 8343 1324","30","5",""
"715","01226 320044","32","5","2"
"719","01229 840371","36","5","5"
"720","01229 870287","37","5",""
"723","01245 313399","40","5",""
"724","01256 318217","41","5","2"
"725","01256 681429","42","5","0"
"728","01234 319114","45","5","2"
"731","01482 882004","49","5",""
"733","01865 448024","51","5","2"
"735","0151 666 5873","53","5","2"
"738","0121 681 3370","56","5",""
"740","0121 212 6771","58","5",""
"741","0121 212 6771","59","5",""
"747","01253 295255","65","5","2"
"748","01253 757024","66","5",""
"752","01208 77255","70","5","2"
"754","01208 77542","72","5","2"
"755","01204 373706","73","53",""
"756","01204 366978","74","5","0"
"760","01202 502801","78","5",""
"761","01202 502801","79","5",""
"762","01202 711999","80","5",""
"766","01274 840275","84","5",""
"767","01274 391731","85","5",""
"768","01685 727703","86","5","2"
"770","020 8568 2401","88","5",""
"773","01656 668 981","91","295","3"
"775","01482 882004","94","5",""
"777","01273 602138","96","5",""
"779","01273 625845","98","5",""
"780","01273 811770","99","5",""
"785","0870 7617689","104","5","0"
"788","01282 800101","108","5","3"
"790","01785 275735","110","5","0"
"791","0161 763 4995","111","5","2"
"792","0161 447 8630 / 8650","112","5","0"
"793","01284 702687","113","5","2"
"794","01473 228560","114","5",""
"795","01473 231249","115","5","1"
"797","01298 26031","117","5",""
"798","01286 678965","118","5",""
"799","01352 753874","119","5","2"
"801","01633 645179","121","5","0"
"804","01223 224590","125","5","2"
"805","01223 488333","126","5",""
"808","01227 819283","129","53",""
"809","01304 213819","130","5",""
"810","02920 376 475","131","5","2"
"811","02920 678732","132","5","1"
"813","02920 456411","134","5","2"
"815","01228 518844","136","5",""
"816","01267 245047","138","5","2"
"818","01267 245047","140","5","0"
"820","020 7192 2671","143","5",""
"821","01609 760918","144","5",""
"822","020 7917 5014","145","5",""
"824","01634 847400","148","5",""
"826","01245 603011","150","5",""
"831","01244 350773","157","5","2"
"833","01244 405843","159","5","2"
"834","01246 501205","160","5",""
"835","01246 246492","161","5",""
"836","0191 387 0746","162","5",""
"837","01243 533756","163","53",""
"838","01903 820746","164","5","2"
"839","01249 466246","165","5","0"
"841","01257 261948","167","5","2"
"842","020 3126 3355","169","5","2"
"843","0870 7617688","170","5","2"
"847","0191 387 0746","176","5",""
"848","01745 336726","177","5","2"
"849","01604 497010","178","5",""
"851","024 7652 0443","180","5","4"
"852","02476 500 699","181","5","2"
"853","01273 811770","182","5","0"
"854","01270 216344","183","5",""
"858","020 8680 9801","187","5","1"
"860","01633 645179","189","5","2"
"861","01325 362829","190","5","2"
"862","01325 327697","191","5",""
"863","01322 270902","192","5",""
"864","01634 847400","193","5",""
"868","01492 872321","197","5",""
"870","01332 333183","199","5",""
"875","01286 669798","205","5","2"
"876","01302 768090","206","5",""
"877","01302 329471","207","5",""
"878","01302 347359","208","5",""
"879","01305 251867","209","5","2"
"881","01304 213819","211","5",""
"882","01384 441736","212","5","3"
"883","01384 211415","213","5",""
"885","0191 383 0605","215","5",""
"886","0191 387 0746","216","5",""
"888","0118 980 1830","218","5","1"
"889","01323 649372","219","5",""
"890","01424 429878","220","5",""
"891","020 8803 0564","221","64",""
"893","020 8885 4343","223","5","5"
"897","01392 415642","227","5",""
"898","01392 415593","228","5","2"
"899","01392 415608","229","5",""
"900","02392 293085","230","5","2"
"905","01304 213819","235","5",""
"907","01229 870287","237","5",""
"914","01452 834970","245","5",""
"921","01472 265201","252","5",""
"922","01603 663263","253","5","3"
"924","01472 320440","255","5",""
"925","01483 300031","256","5",""
"926","01483 579545","257","5",""
"927","01483 461791","258","5","0"
"930","01422 360132","261","5",""
"931","01422 347874","262","5",""
"935","01245 313399","266","5",""
"936","01423 528679","267","5",""
"937","01423 722 001","268","5",""
"938","0870 324 0149","269","5","0"
"940","01429 862550","271","5","2"
"941","01429 866696","272","5",""
"944","01424 429878","275","5",""
"945","01437 769222","276","5","0"
"951","01432 352593","282","5","2"
"952","01432 274350","283","5",""
"953","01562 514111","284","5",""
"954","01992 556535","285","5","2"
"955","01438 730413","286","5","2"
"956","01753 690327","287","5","0"
"957","01494 651030","288","5","1"
"960","01286 669798","292","5","2"
"963","01403 258844","296","5",""
"966","01273 229229","299","5",""
"967","01484 426366","300","5",""
"968","01484 430085","301","5",""
"969","01482 219790","302","5",""
"975","020 7234 3287","308","5",""
"976","020 7805 3490","309","5",""
"977","01473 251797","310","5","2"
"978","01473 228 560","311","5",""
"979","01473 231951","312","5",""
"980","01473 231249","313","5",""
"981","01872 276227","314","5",""
"985","01228 590588","318","5","2"
"986","01229 870287","319","5",""
"988","01604 497010","321","5",""
"990","01562 514097","323","5",""
"991","01553 769824","324","5","2"
"992","01603 763848","325","5","0"
"993","01603 663263","326","5","2"
"994","01482 588527","327","5",""
"995","01482 219790","328","5",""
"996","020 8547 1426","329","5",""
"997","020 8240 2675","330","5",""
"1000","01244 350773","333","5","0"
"1001","020 7587 1951","334","5",""
"1002","01524 846478","335","5","0"
"1003","01772 844759","336","5","0"
"1005","0151 227 4634","338","5","2"
"1009","0113 244 4700","342","5",""
"1012","0116 222 5888","345","5",""
"1013","0116 2545851","346","5",""
"1018","01257 261948","351","5","2"
"1024","0151 227 4634","358","5",""
"1025","0151 243 5541","359","5","0"
"1026","01492 872321","360","5","3"
"1028","01286 678965","362","5","0"
"1034","01502 513875","370","5","2"
"1037","01582 524252","373","5","2"
"1041","01625 501262","377","5",""
"1042","01270 589357","378","5","2"
"1043","01753 232190","379","5",""
"1044","01622 202001","380","245",""
"1045","01622 691800","381","5",""
"1049","0161 954 1705","385","5",""
"1050","0161 954 7600","386","5",""
"1054","01304 213819","390","5",""
"1057","020 7796 5424","394","5",""
"1058","01634 811332","395","5","2"
"1059","01634 847400","396","5",""
"1062","01685 727703","400","5","1"
"1065","01642 340002","403","5","2"
"1069","01908 230063","408","5","1"
"1070","01908 451146","409","5","1"
"1072","01978 358213","411","5","1"
"1073","01352 753874","412","5",""
"1074","01352 707333","413","5","1"
"1075","01670 504188","414","5","2"
"1076","01639 633505","415","5",""
"1082","0118 980 1873","421","5","2"
"1083","01782 741729","422","5","0"
"1085","0191 211 2184","424","5",""
"1086","0191 221 0025","425","5","1"
"1091","01633 216824","430","5",""
"1093","01803 616795","432","5","2"
"1094","01325 327697","433","5",""
"1099","0870 761 7692","438","5","1"
"1100","0870 324 0224","439","5","2"
"1101","01609 783509","440","5",""
"1103","01604 497010","442","5",""
"1104","01604 497010","443","5",""
"1107","01603 663263","446","5",""
"1108","01603 627469","447","5",""
"1110","0115 910 3599","449","5",""
"1113","02476 352835","452","5","2"
"1114","02476 352835","453","5","4"
"1116","0161 290 4222","455","5",""
"1117","0161 652 0172","456","5",""
"1118","01257 261948","457","5","2"
"1121","01865 790773","460","175",""
"1122","01865 793 055","461","12",""
"1123","01865 448024","462","5","2"
"1130","0191 387 0746","471","5",""
"1133","01752 206194","474","5",""
"1137","01443 480305","478","5",""
"1138","01443 485472","479","5",""
"1140","01202 711886","481","5","2"
"1142","02392 826385","483","5",""
"1144","01745 887046","485","5",""
"1145","01772 844710","486","53",""
"1146","0870 324 0190 (Goldfax)","487","5","2"
"1151","0118 987 0555","492","5","2"
"1152","0118 967 4444","493","5",""
"1154","020 8437 6561","495","5","5"
"1157","01737 778372","498","5",""
"1158","01282 800101","499","5","2"
"1159","01737 766917","500","5",""
"1162","01745 336726","503","5",""
"1163","020 8271 2330","504","5",""
"1167","01709 370082","508","5",""
"1179","01724 281890","520","5",""
"1182","01622 691800","523","5",""
"1183","0114 281 2425","524","5",""
"1184","0114 272 0129","525","5","2"
"1185","0114 273 0848","526","5",""
"1189","01743 244236","530","5","2"
"1190","01952 204554","531","5","0"
"1194","01756 692655","535","5",""
"1195","01423 722001","536","5","0"
"1197","01753 575990","538","5",""
"1199","0121 711 2045","540","5",""
"1200","01270 589357","541","5","2"
"1201","01670 820133","542","5",""
"1203","0151 922 4285","544","5",""
"1204","0191 4274499","545","5","2"
"1205","01935 431022","546","5",""
"1206","0870 324 0214","547","5","2"
"1208","01905 743346","549","5",""
"1210","023 8038 4203","551","5","2"
"1211","01702 603090","552","5","2"
"1212","01268 458100","553","5",""
"1213","01245 313399","554","5","4"
"1215","0151 922 4285","556","5",""
"1216","020 7522 7300","557","5","2"
"1218","0870 324 0127 (Goldfax)","559","5","1"
"1219","01727 753221","560","5",""
"1220","01923 297528","561","5","2"
"1221","01744 627288","562","5","1"
"1224","01785 275735","565","5","0"
"1225","01784 895530","567","5","2"
"1226","01784 895510","568","5","2"
"1228","01438 730413","570","5","2"
"1230","0161 968 9733","572","5","2"
"1233","01782 854021","575","245",""
"1235","01384 441736","577","5","3"
"1240","0191 5143028","583","5",""
"1241","0870 324 0213","584","5","0"
"1245","01792 485810","588","5",""
"1246","01792 637049","589","5","0"
"1247","01792 478352","590","5","1"
"1249","01793 699863","592","5","0"
"1255","01823 322116","598","5",""
"1256","01823 335195","599","5",""
"1257","01642 340002","600","5",""
"1259","01952 291601","602","5","3"
"1260","01952 204554","603","5",""
"1262","01843 222730","606","5",""
"1264","01803 616795","608","5",""
"1265","01803 616795","609","5","2"
"1269","0161 975 4628","613","5","0"
"1272","01872 261550","617","5","2"
"1273","01872 276227","618","5",""
"1274","01892 513676","619","5","2"
"1282","01924 231146","627","5",""
"1283","01922 635657","628","5",""
"1284","01922 728891","629","5","3"
"1286","020 8877 9854","631","5","2"
"1289","0121 544 8492","634","5",""
"1290","01925 413335","635","5",""
"1291","01925 231284","636","5","2"
"1294","01923 297528","639","5",""
"1296","01604 497010","641","5",""
"1298","01978 358213","643","5","2"
"1303","01823 335195","649","5",""
"1305","01934 528 599","651","5","2"
"1308","01305 761418","654","5",""
"1313","01942 405444","659","5",""
"1315","020 84530946","661","5",""
"1316","020 8946 7030","662","5",""
"1319","01962 897029","665","381",""
"1320","0151 285 4111","666","5",""
"1325","01902 481001","671","5","3"
"1326","01902 427875","672","5",""
"1329","020 8316 4842","675","5",""
"1330","020 8312 7078","676","5","2"
"1333","01905 743346","679","5",""
"1334","01900 68644","680","5","3"
"1335","01623 451648","681","5","0"
"1337","01903 235559","683","5",""
"1338","01903 820746","684","5",""
"1341","01935 410004","689","5",""
"1343","01904 679963","691","5",""
"1344","01904 611689","692","5",""
"1345","01904 818301","693","5","0"
"1352","020 7947 6000","700","12",""
"1354","020 7947 6000","702","12",""
"1362","020 7947 6000","710","12",""
"1363","0300 123 1058 / 01604 619435","711","12","0"
"1365","0300 123 1057 /  01604 619402","713","12","1"
"1366","0300 123 1059 / 01604 619450","714","12","0"
"1367","0845 408 5310","715","12",""
"1370","01604 619510","711","5","0"
"1372","01604 619526","713","5","2"
"1373","01604 619505","714","5","0"
"1374","0845 408 5311","715","5",""
"1375","0207 947 6000","716","12",""
"1376","020 8371 7111","30","41",""
"1377","01782 854046","575","53",""
"1378","01782 854014","575","55",""
"1382","0161 290 4229","455","82",""
"1383","01227 819329","129","245",""
"1405","01992 556532","286","10","3"
"1406","020 7805 3400","309","120",""
"1410","01992 556532","570","10","3"
"1411","01992 556532","561","10","3"
"1413","01865 264253","460","245",""
"1414","020 8884 6560","221","41",""
"1415","020 8887 0413","221","69",""
"1418","01992 556532","639","10","3"
"1420","0151-471 1000","357","5",""
"1421","01622 202002","380","53","0"
"1422","01772 844759","486","245",""
"1423","01522 582830","354","145",""
"1424","01522 560139","354","146",""
"1433","01352 707340","720","12","1"
"1434","01352 753874","720","5","2"
"1436","01554 757201","721","12","0"
"1438","01352 707340","722","12","1"
"1439","01352 753874","722","5","2"
"1443","0191 478 1476","344","10","4"
"1445","01273 811333","724","12",""
"1446","01273 607638","724","5",""
"1450","0113 306 2800","341","12","1"
"1457","0113 306 2653","341","218","5"
"1488","020 7947 6983","365","383","5"
"1501","0208 410 4700","726","12",""
"1502","01785 275735","128","5","0"
"1507","01554 779986","139","5","0"
"1513","01908 302800","408","273","2"
"1514","01908 302801","408","274","3"
"1515","01437 772090","730","12",""
"1516","01437 771399","730","5","0"
"1521","01554 779986","721","5","2"
"1523","01938 555968","644","113",""
"1524","01938 554593","644","5",""
"1525","01978 317 400 - Welshpool County Court","644","299","4"
"1527","01792 637000","732","12",""
"1528","01792 637049","732","5",""
"1529","01472 265250","252","72",""
"1530","01472 265251","252","245",""
"1531","01656 673 833","91","296","0"
"1532","01656 647 124","91","53","1"
"1536","01970 621 251","733","5","2"
"1542","0151 296 2200","735","12","1"
"1543","0151 296 2201","735","5","2"
"1544","0151 296 2608","735","86","3"
"1545","020 8231 8959","88","86",""
"1549","0151 296 2605","735","324","4"
"1550","01452 833599","153","5","0"
"1552","01452 833599","244","5","0"
"1553","01452 833599","581","5","0"
"1561","01823 287080","736","12",""
"1562","01823 326021","736","5",""
"1566","01934 528615","737","5","5"
"1567","0116 285 3380","723","12",""
"1568","01522 539 903","355","5",""
"1569","01865 793 090","461","5",""
"1573","0113 389 6123","694","5","2"
"1574","020 7947 7462 / 7414","365","385","2"
"1575","020 7947 7462 / 7414","365","380","3"
"1576","020 7947 6946","365","5","6"
"1577","01243 520742","163","72",""
"1578","01243 538252","163","245",""
"1588","01298 23951","740","12",""
"1589","01298 26031","740","5",""
"1592","01446 737491","624","12",""
"1593","01446 732743","624","5",""
"1616","0113 306 2491","341","236","23"
"1617","0113 306 2396","341","237","24"
"1623","02392 816859","483","245",""
"1624","01254 687500","7","423",""
"1625","01254 687500","7","12",""
"1626","01254 687524","7","5",""
"1627","01254 687500","63","423","1"
"1628","01254 687500","63","12",""
"1629","01254 687524","63","5",""
"1631","01202 502835","78","430",""
"1632","01202 502838","78","135",""
"1634","01202 502835","79","430",""
"1635","01202 502838","79","135",""
"1641","01452 834900","242","12","1"
"1643","01452 834924","242","114","5"
"1648","020 8437 6561","277","276","4"
"1651","01639 765954","416","5","1"
"1653","01424 710280","274","12",""
"1654","01424 421585","274","5",""
"1660","01908 302857","408","82","4"
"1661","0113 306 2735","341","431","11"
"1662","01302 556297","341","432","12"
"1663","01332 622600","116","320","0"
"1664","01332 622543","116","276","3"
"1666","01724 281100","519","12",""
"1667","01724 281890","519","276",""
"1668","01495 238200","67","320",""
"1673","01495 238203","67","276","2"
"1680","01934 528599","650","5","3"
"1681","01865 293358","728","12",""
"1682","0208 955 0555","281","12","0"
"1684","0151 298 3600","746","12",""
"1685","0151 298 3601 / 3725","746","450","2"
"1686","0151 298 3721","746","451","3"
"1687","0115 910 3500","448","3","1"
"1689","01962 814888","747","320",""
"1690","01962 814884","747","276",""
"1697","01562 514323","497","5",""
"1700","01753 690300","287","12","0"
"1705","01753 232100","379","12",""
"1707","01245 295395","748","276","2"
"1708","01925 236250","263","12","1"
"1709","01925 231284","263","5","2"
"1710","01753 232100","83","12",""
"1711","01753 232190","83","5",""
"1713","0845 310 0575","749","458","3"
"1716","020 8301 8700","675","12",""
"1719","01709 839339","507","12","1"
"1720","01709 788414","507","276","2"
"1721","0161 240 5000","750","12","3"
"1727","0161 240 5701 / 0161 240 5702","751","12","1"
"1728","0161 240 5701","751","381","2"
"1729","0161 240 5702","751","462","3"
"1730","01752 675444","201","12","1"
"1731","01922 638222","752","12",""
"1732","01922 635657","752","5",""
"1733","0118 980 1830","494","276","2"
"1734","01752 677498","201","5","2"
"1735","0800 358 3506","201","10","3"
"1736","01206 717250","172","276","2"
"1737","02392 293085","484","276","2"
"1739","01228 882120","135","419","2"
"1744","0151 243 5626","753","320","1"
"1745","0151 243 5541","753","276","2"
"1747","01244 404300","156","276",""
"1749","01208 262700","71","12",""
"1750","01208 77198","71","5",""
"1751","01271 340410","35","423",""
"1752","01271 340415","35","5",""
"1754","01271 340410","34","423","1"
"1755","01271 340415","34","5","2"
"1756","01509 215715","755","12",""
"1757","01509 261714","755","5",""
"1758","01874 622993","756","478","0"
"1759","01938 555968","756","479","0"
"1761","0161 331 5614","727","12",""
"1762","0161 331 5649","727","276",""
"1767","0870 324 0259  (Goldfax)","135","276","3"
"1770","020 8760 0432","186","276","3"
"1771","020 8781 1007","726","276",""
"1772","01282 855300","107","12",""
"1773","01282 414911","107","5",""
"1774","01908 451145","409","12","0"
"1777","01744 620244","563","12","1"
"1778","01744 627249","563","5","2"
"1788","01983 821 039","427","53","2"
"1789","01983 554 977","427","245","3"
"1793","01926 429133","453","542","1"
"1794","02476 382750/345456","453","205","3"
"1806","0161 240 5322 / Fax 5706","750","289","13"
"1810","0161 240 5438 / Fax 5455","750","70","16"
"1817","0161 240 5457 / Fax 5480","750","82","6"
"1822","01934 528528 - option 3","737","565","2"
"1823","01934 528567","737","566","4"
"1824","020 8312 5571","676","573","3"
"1825","0191 375 1840","759","12","1"
"1826","0191 375 1844","759","276","2"
"1827","01685 727600","400","12","0"
"1828","020 7947 6344","705","131","2"
"1829","020 7947 6247","705","577","3"
"1830","020 7947 6344","705","580","4"
"1833","01752 208292","473","245","5"
"1834","01752 677490","473","44","6"
"1837","01923 297500","760","12","1"
"1838","01923 297528","760","5","2"
"1839","01992 556532","760","10","3"
"1842","01254 299852","62","287","5"
"1855","01942 405405","1429","12","1"
"1856","01942 405499","1429","276","2"
"1860","020 7250 7200","170","115","3"
"1861","020 7250 7200","170","600","4"
"1862","020 7250 7200","170","349","5"
"1863","020 7250 7151 / 7152","170","44","6"
"1864","020 7250 7200","170","603","7"
"1865","01934 528528","651","60","3"
"1866","01934 528528","651","390","4"
"1867","01934 528528","651","372","5"
"1868","01934 528567","651","604","6"
"1887","01962 814260","664","53","3"
"1895","01234 319026","1431","276","1"
"1899","0113 306 2578","341","254","30"
"1901","0113 306 2580","341","639","29"
"1909","0300 123 1056 /01604 619400","754","654","0"
"1910","0300 123 1059/ 01604 619450","754","656","3"
"1911","01604 619510","754","661","8"
"1912","01604 619505","754","660","7"
"1913","01604 619523","754","658","5"
"1914","0300 123 1057/01604 619402","754","655","2"
"1915","01604 619526","754","659","6"
"1916","0300 123 1058/ 01604 619435","754","662","4"
"1919","01722 345200","1432","12","1"
"1921","01962 814100","664","12","1"
"1928","01633 645141","189","663","4"
"1929","01633 645041","189","664","5"
"1931","01633 645092","189","190","6"
"1932","01633 645187","189","174","8"
"1933","01633 645186","189","667","9"
"1952","02380 213200","550","638","1"
"1956","023 8038 4200","551","638","1"
"1960","01733 891563","468","245","3"
"1968","0844 892 4000","113","453",""
"1972","020 8437 3585 / 3500 / 3618","254","423","1"
"1977","01708 794299","223","174","7"
"1978","020 8808 5411 ext.253 (on the day results only)","223","700","6"
"1988","0844 892 0550","285","453","1"
"1989","01482 212107","32","476","7"
"1990","01482 621180","32","552","8"
"1991","01482 212107","206","476",""
"1992","01482 621180","206","552",""
"1993","01482 212107","252","476",""
"1994","01482 621180","252","552",""
"1995","01482 212107","327","476",""
"1996","01482 621180","327","552",""
"1997","01482 212107","507","476","3"
"1998","01482 621180","507","552","4"
"1999","01482 212107","519","476",""
"2000","01482 621180","519","552",""
"2003","0113 306 2735","84","476",""
"2004","01302 556297","84","552",""
"2005","0113 306 2735","691","476",""
"2006","01302 556297","691","552",""
"2009","0113 306 2735","267","476",""
"2010","01302 556297","267","552",""
"2011","0113 306 2735","535","476",""
"2012","01302 556297","535","552",""
"2015","0113 306 2735","261","476",""
"2016","01302 556297","261","552",""
"2017","0113 306 2735","300","476",""
"2018","01302 556297","300","552",""
"2025","0191 201 2069","600","476",""
"2026","0191 201 2069","600","552",""
"2027","0191 201 2069","423","476","5"
"2028","0191 201 2051","423","552","5"
"2029","0191 201 2051","271","476","3"
"2030","0191 201 2035","271","552","3"
"2031","0191 201 2069","583","476",""
"2032","0191 201 2051","583","552","0"
"2033","0191 201 2069","545","476","3"
"2034","0191 201 2051","545","552","4"
"2035","0191 201 2069","438","476","4"
"2036","0191 201 2051","438","552","5"
"2037","0191 201 2069","759","476","3"
"2038","0191 201 2051","759","552","4"
"2039","0191 201 2069","190","476","3"
"2040","0191 201 2051","190","552","4"
"2043","0191 201 2069","239","476","5"
"2044","0191 201 2051","239","552","6"
"2047","0191 201 2069","414","476","3"
"2048","0191 201 2051","414","552","4"
"2049","0161 240 5131 / Fax 5051","750","476","25"
"2052","08459 400111","88","724",""
"2063","01752 641470","1434","12","0"
"2064","01752 641500","1434","276","0"
"2068","01268 458000","39","72","5"
"2069","0844 892 4000","39","130","3"
"2071","0207 407 9858","557","190","3"
"2072","020 7947 7022","365","384","4"
"2073","01733 349161","468","72","1"
"2074","0844 892 4000","468","130","2"
"2075","01733 557348","468","672","4"
"2076","01733 349161","749","732","1"
"2077","0844 892 4000","749","733","2"
"2078","01733 557348","749","53","5"
"2079","01733 891563","749","245","4"
"2082","01902 481076","671","672","4"
"2083","01902 481001","671","673","5"
"2084","01902 481145","671","735","6"
"2085","01902 481127","671","736","7"
"2090","0844 892 4000","324","453","1"
"2091","01908 302838","408","752","6"
"2096","0844 892 4000","172","453",""
"2097","0300 456 4600","1430","755",""
"2098","0844 892 4000","552","453",""
"2103","0844 892 0550","638","453",""
"2104","01202 502859","78","673",""
"2105","01202 502859","79","673","0"
"2106","020 7805 9851","612","765","1"
"2107","020 7805  9897","612","276","2"
"2108","020 7805 9851 and 020 7805 9860","123","765","1"
"2109","020 7805 9898","123","5","2"
"2117","020 8271 1536","630","129","4"
"2118","0161 830 4200","1438","12",""
"2119","0161 830 4381","1438","205",""
"2120","0161 830 4389","1438","602",""
"2121","0161 830 4396","1438","770",""
"2122","0161 830 4212","1438","289",""
"2123","0161 830 4237","1438","772",""
"2124","0161 830 4225","1438","773",""
"2125","01305 752510","653","130",""
"2126","01305 265867","653","72",""
"2127","01305 788293","653","672",""
"2128","01305 251867","653","673",""
"2129","020 8312 7078","676","776","4"
"2135","01784 895579","568","787","4"
"2136","01784 895520","568","69","3"
"2141","0300 790 9901","231","688","4"
"2144","0208 700 9344","648","190",""
"2145","0208 700 9355","648","788",""
"2146","Telephone: 01784 895590","567","789","3"
"2150","0300 123 5577","452","453","1"
"2152","0844 892 4000","748","453",""
"2155","0844 892 4000","125","453",""
"2156","0300 123 5577","180","84","1"
"2157","01926 682411","180","542","3"
"2158","024 7653 6150","180","798","3"
"2159","0207 805 1447","662","749",""
"2161","0870 739 4015","638","276","0"
"2162","0844 892 4000","310","453",""
"2164","01352 707389","412","801",""
"2165","01352 707340","412","6",""
"2173","02920 678730","132","7","2"
"2174","02920 678730","132","118","3"
"2175","02920 678740","132","6","4"
"2176","01352 707389","119","801","3"
"2178","01603 728200","445","72",""
"2187","01495 238221","67","7",""
"2188","02920 376 411 / 376 412","131","7","3"
"2189","01437 772064","276","821","4"
"2193","01978 317404 / 405","411","7","2"
"2194","01639 640720","415","805",""
"2195","01633 245041","426","5","2"
"2196","01633 258920","426","7","3"
"2197","01745 352940","503","7",""
"2198","01792 485800","588","7",""
"2205","01633 645179","431","276","1"
"2206","01633 645000","431","801","4"
"2209","01633 645000","3","801","3"
"2215","01633 645000","121","801","0"
"2218","01352 707380","413","801","4"
"2221","01286 669798","120","276","2"
"2222","01492 871333","120","801","3"
"2225","01492 871333","205","801","3"
"2228","01492 871333","292","801","3"
"2231","01492 871333","360","801","4"
"2247","01970 621 250","733","12","1"
"2253","01437 772090","730","801","3"
"2266","02920678760","430","7",""
"2267","02920678764","430","118",""
"2268","01633 266211","430","6",""
"2269","01633 222826","430","15",""
"2272","0844 892 4000","40","544",""
"2279","01352 707389","720","801","3"
"2281","01352 707389","722","801","3"
"2282","01352 707340","722","6","4"
"2283","01792 637016","732","801",""
"2284","01792 637067","732","6","0"
"2285","01792 637016","589","801","2"
"2286","01792 637067","589","6","3"
"2288","020 7947 6939","365","423",""
"2289","0151 236 8264","158","12","1"
"2290","0151 227 4634","158","5","2"
"2296","01554 776282","361","82","2"
"2297","01554 757171","361","113","0"
"2298","01554 758079","361","5","1"
"2299","01685 727600","86","801","3"
"2304","01633 645000","189","801","7"
"2305","0117 366 4800","1439","12","1"
"2308","0117 366 4960 / 4961","1440","213",""
"2309","01604 470426","441","752","4"
"2317","01772 844700","1441","12","1"
"2318","01772 844759","1441","673","2"
"2319","01443 483919","479","801","0"
"2320","01633 645112","479","802",""
"2321","01639 605784","479","803","0"
"2325","01296 554328","21","82","3"
"2326","01639 605784","1444","12","2"
"2327","01639 889519","1444","276","2"
"2329","01745 539393","1444","860","4"
"2330","01745 539398","1444","861","5"
"2331","08453 306070","1444","862","6"
"2332","01443 743781","1444","863","7"
"2333","01267 239102","1444","864","8"
"2334","01633 245371","1444","865","9"
"2335","01633 645112","1443","12","1"
"2336","01633 645030","1443","276","2"
"2405","01352 707340","720","6","3"
"2412","01254 299841","62","48","6"
"2413","01254 299848","62","177","7"
"2414","01437 772069","276","882","4"
"2415","01437 772076","276","805","3"
"2417","0844 892 4000","266","544","3"
"2418","0844 892 4000","554","544","1"
"2419","01934 528686","650","884","1"
"2420","01934 528700","650","885","2"
"2421","0870 324 0243","423","672","2"
"2422","0870 324 0093","423","673","3"
"2424","0300 123 5577","453","890","2"
"2426","01603 679500","253","213",""
"2427","01392 415330","1446","12",""
"2430","01708 794299","630","174","1"
"2431","01708 794299","495","174","0"
"2433","01708 794299","277","174","1"
"2435","0300 123 5577","1445","905","4"
"2436","0870 324 0245","1445","673","1"
"2437","01926 682517","1445","672","5"
"2439","0161 240 5421/ Fax 5455","750","541","24"
"2440","0161 240 5456 / Fax 5455","750","540","23"
"2441","0113 306 2612","341","909","2"
"2442","0113 306 2654","341","106","3"
"2443","0113 306 2325 / 2640 / 2605 / 2606","341","910","4"
"2444","0113 306 2401","341","911","9"
"2445","0870 761 7707","341","912","10"
"2446","0113 306 2421","341","913","13"
"2447","0870 761 7706","341","914","14"
"2448","0113 306 2451","341","915","15"
"2449","0870 761 7740","341","916","16"
"2450","0113 306 2461","341","917","17"
"2451","0870 761 7710","341","918","18"
"2452","0113 306 2471","341","919","19"
"2453","0870 761 7708","341","920","20"
"2454","0113 306 2411","341","921","21"
"2455","0870 761 7708","341","922","22"
"2456","0113 306 2509","341","923","25"
"2457","0113 306 2501","341","924","27"
"2458","0870 761 7709","341","925","27"
"2459","0113 389 6133","1447","12",""
"2460","0113 389 6123","1447","5",""
"2464","020 8437 6066/ fax 020 8437 6010","578","926","0"
"2465","020 8271 1239/1248/1253/1254","578","155","3"
"2466","020 8271 1251","578","781","5"
"2468","020 8271 1241","578","788","7"
"2470","020 8437 6113","578","701","9"
"2471","020 8271 1200/39/48/53/54","630","155","2"
"2472","020 8271 1251","630","781","3"
"2473","020 8271 1241","630","788","5"
"2474","020 8271 1533/36","630","700","6"
"2476","01752 641470","71","488","0"
"2479","020 8437 6525","495","929","0"
"2481","020 8437 6525","277","929","2"
"2485","01708 794299","289","174","4"
"2487","020 7805 1447","548","3",""
"2490","020 7805 1448","548","190",""
"2491","Balham - 020 7805 1452","548","155","0"
"2492","Kingston - 020 7805 1491","548","155","0"
"2493","Richmond 020 7805 1497","548","155",""
"2494","South Western 020 7805 1476","548","155",""
"2495","Wimbledon 020 7805 1492","548","155",""
"2496","020 7805 1479 / 1493","548","129",""
"2497","020 7805 1470","548","935",""
"2498","01708 794299","548","174","0"
"2499","0191 201 2069","403","476","3"
"2500","0191 201 2051","403","552","4"
"2501","0845 300 4239","462","936","4"
"2502","0300 790 9901","462","937","3"
"2503","0845 300 4239","26","936","3"
"2504","0300 790 9901","26","937","4"
"2505","0845 300 4239","494","936","3"
"2506","0300 790 9901","494","937","4"
"2507","0845 300 4239","421","936","3"
"2508","0300 790 9901","421","937","4"
"2509","0845 300 4239","218","936","2"
"2510","0300 790 9901","218","937","3"
"2511","0845 300 4239","379","936",""
"2512","0300 790 9901","379","937",""
"2513","0845 300 4239","409","936","3"
"2514","0300 790 9901","409","937","4"
"2515","0845 300 4239","23","936","4"
"2516","0300 790 9901","23","937",""
"2517","0845 300 4239","288","936","2"
"2518","0300 790 9901","288","937","3"
"2519","0845 300 4239","83","936",""
"2520","0300 790 9901","83","937",""
"2521","0121 681 3262","1449","320",""
"2522","0121 681 3270","1449","276",""
"2524","0161 240 5743","1448","276","2"
"2525","0300 123 5577","186","905",""
"2526","01708 794299","217","174","5"
"2529","01708 794299","231","174","3"
"2530","01708 794299","648","174",""
"2531","0844 892 4000","1450","453",""
"2532","01603 760863","1450","5",""
"2536","01639 605784","3","943","4"
"2537","01633 645112","3","944","5"
"2538","0300 790 9980","3","937","6"
"2539","01633 645112","733","943","4"
"2540","01633 645122","733","944","5"
"2541","0300 790 9980","733","937","6"
"2542","01639 889519","1442","872","2"
"2543","01639 889599","1442","873","3"
"2544","01745 812683","1442","945","4"
"2545","0300 790 9980","1443","937","5"
"2546","01633 645112","1444","944","3"
"2553","01745 812683","86","943","4"
"2554","01633 645112","86","944","5"
"2555","0300 790 9980","86","937","6"
"2556","01745 812683","91","943","5"
"2557","01633 645112","91","944","6"
"2558","0300 790 9980","91","937","7"
"2559","01639 605784","120","943","4"
"2560","01633 645112","120","944","5"
"2561","0300 790 9980","120","937","6"
"2562","01639 605784","121","943","6"
"2563","01633 645112","121","944",""
"2564","0300 790 9980","121","937",""
"2565","01639 605784","133","943","4"
"2566","01633 645112","133","944","5"
"2567","0300 790 9980","133","937","2"
"2571","01639 605784","139","943","3"
"2572","01633 645112","139","944","4"
"2573","0300 790 9980","139","937","5"
"2574","01639 605784","189","943","10"
"2575","01633 645112","189","944","11"
"2576","0300 790 9980","189","937","3"
"2577","01639 605784","197","943","5"
"2578","01633 645112","197","944","6"
"2579","0300 790 9980","197","937",""
"2580","01639 605784","205","943","5"
"2581","01633 645112","205","944","6"
"2582","0300 790 9980","205","937","3"
"2583","01639 605784","730","943","5"
"2584","01633 645112","730","944","6"
"2585","0300 790 9980","730","937","4"
"2586","01639 605784","292","943","6"
"2587","01633 645112","292","944","5"
"2588","0300 790 9980","292","937","3"
"2589","01745 812683","756","943","4"
"2590","01633 645112","756","944","5"
"2591","0300 790 9980","756","937","3"
"2592","01639 605784","360","943","5"
"2593","01633 645112","360","944","6"
"2594","0300 790 9980","360","937","4"
"2595","0300 790 9980","721","937","3"
"2596","01639 605784","721","943","4"
"2597","01633 645112","721","944","5"
"2601","01639 605784","400","943","7"
"2602","01633 645112","400","944","4"
"2603","0300 790 9980","400","937","3"
"2604","01639 605784","413","943","5"
"2605","01633 645112","413","944","6"
"2606","0300 790 9980","413","937","3"
"2607","01639 605784","416","943","0"
"2608","01633 645112","416","944","4"
"2609","0300 790 9980","416","937","3"
"2610","01639 605784","431","943","5"
"2611","01633 645112","431","944","6"
"2612","0300 790 9980","431","937","4"
"2613","01639 605784","482","943","3"
"2614","01633 645112","482","944","4"
"2615","0300 790 9980","482","937","4"
"2616","01639 605784","485","943","0"
"2617","01633 645112","485","944",""
"2618","0300 790 9980","485","937",""
"2622","01639 605784","590","943","4"
"2623","01633 645112","590","944","5"
"2624","0300 790 9980","590","937","3"
"2625","01639 605784","644","943","5"
"2626","01633 645112","644","944","6"
"2627","0300 790 9980","644","937","3"
"2628","01639 605784","686","943","6"
"2629","01633 645112","686","944","7"
"2630","0300 790 9980","686","937","8"
"2633","(Magistrates' Court) 01226 320001","32","193","4"
"2634","(Magistrates' Court) 01226 320013","32","322","4"
"2635","(Magistrates' Court) 01226 320005","32","323","5"
"2636","(Magistrates' Court) 01226 320024","32","174","6"
"2637","01785 213250","564","672","3"
"2638","01785 249124","564","324","4"
"2639","01785 246786","564","673","5"
"2642","020 7506 3190","289","5","3"
"2643","01733 201347","127","947","2"
"2645","01733 313749","127","788","5"
"2646","01733 201347","469","947","3"
"2648","01733 313749","469","788","5"
"2649","020 8271 2371","504","472",""
"2651","01708 794299","662","174","6"
"2652","01708 794299","87","174","5"
"2653","01708 794299","281","174","5"
"2655","01708 794299","623","174","2"
"2660","01708 794299","1451","174",""
"2661","01452 420176 / 420195","243","423","0"
"2663","01352 707330","686","885","3"
"2664","01352 707333","686","295","4"
"2665","01352 707380","686","953","5"
"2666","01978 317400","686","884",""
"2667","01978 358213","686","672",""
"2668","01978 317404 / 405","686","346",""
"2669","0845 300 4239","51","936","3"
"2670","0300 790 9901","51","937","4"
"2681","01752 677400","473","884","3"
"2684","01793 690555","591","672","2"
"2685","01793 690535","591","673","3"
"2686","01793 690514","591","967","4"
"2687","01793 690505","591","965","5"
"2688","01793 690508","591","924","6"
"2689","01793 690530","591","968","7"
"2690","01793 690534","591","6","8"
"2691","01793 690517","591","3","9"
"2692","01793 484040","591","15","10"
"2693","01452 420111","591","476","11"
"2694","01452 387457","591","552","12"
"2695","0300 790 9980","1442","937","5"
"2696","01633 645112","1442","423","1"
"2697","01633 645112","1442","859","6"
"2698","0161 240 5329 / Fax 5050","750","970","21"
"2700","01782 200193","54","476","3"
"2702","01782 200193","180","476","5"
"2704","01782 200193","452","476","3"
"2710","01782 200193","1445","476","7"
"2712","020 7506 3100 / 3156 / 3158 / 3221","289","548","0"
"2716","020 7506 3100 / 3156 / 3158 / 3221","223","548","4"
"2718","01256 318200","41","116","3"
"2719","01256 318200","41","972","4"
"2720","01256 318200","41","349","5"
"2721","01256 318200","41","973","6"
"2722","0300 123 1142","482","974","1"
"2723","01633 645112","482","544","2"
"2727","0117 976 3054","101","285",""
"2728","01900 62244","680","885","1"
"2729","01900 609609","680","884","2"
"2730","01284 778000","1455","12",""
"2731","01284 778020","1455","276",""
"2736","01384 440182 (4 July to 30 September)","577","975","2"
"2748","01785 610730","564","977","2"
"2764","01494 651025","21","476","4"
"2765","01494 651025 / 651028","25","476","3"
"2766","01865 293358","26","170","5"
"2767","01562 514000","106","12",""
"2768","01562 514323","106","5","0"
"2769","01452 834924","244","472",""
"2770","01454 338201","434","544",""
"2773","0300 790 9901","254","937","3"
"2774","020 8437 3585 / 3500 / 3618","50","423","0"
"2779","01900 609636","680","672","4"
"2780","0844 892 4000","445","790",""
"2781","01603 763848","445","673",""
"2782","01603 728318","445","983",""
"2783","01603 760863","445","982",""
"2784","01623 451500","1457","12","1"
"2785","01623 451648","1457","460","6"
"2786","01623 451502","1457","672","5"
"2788","020 3126 3050","1458","989",""
"2789","Fax: 020 3126 3051","1458","989",""
"2790","020 3126 3056","1458","684","0"
"2792","020 3126 3040","1458","174",""
"2793","020 3126 3041","1458","667",""
"2794","020 3126 3030","1458","786",""
"2795","Fax: 020 3126 3031","1458","786",""
"2796","020 3126 3020","1458","344",""
"2797","020 3126 3010","1458","987",""
"2798","Fax: 020 3126 3011","1458","987",""
"2799","020 8437 3585 / 020 8437 3500 / 020 8437 3618","105","3","0"
"2801","020 7556 8500","105","981","2"
"2802","0300 790 9901","105","687","3"
"2803","01332 622543","198","64",""
"2804","01332 622540","198","673",""
"2805","01934 528528 - option 2","737","1002","1"
"2807","01934 528528 - option 4","737","1003","3"
"2808","01553 778730 / 778724","127","171","5"
"2809","01733 896915","127","1005","3"
"2810","01733 201 347 (Magistrates' Court)","749","947","7"
"2811","01733 896 915 (Magistrates' Court)","749","1005","8"
"2812","01733 313749 (Magistrates' Court)","749","788","6"
"2813","01733 896915","469","1005","3"
"2814","01553 778730 / 778724","469","171","5"
"2815","01733 565638","469","15","6"
"2816","01733 863189 or 01733 863184","469","442","7"
"2817","0161 830 4210","383","1006",""
"2818","0161 830 4206","383","1007",""
"2819","0161 830 4368","383","1008",""
"2821","020 7556 8500","47","981","0"
"2822","0300 790 9901","47","937",""
"2823","020 7556 8500","87","981","4"
"2824","0300 790 9901","87","937","3"
"2826","0300 790 9901","123","937",""
"2827","020 7556 8500","187","981","2"
"2828","0300 790 9901","187","937","3"
"2829","020 7556 8500","217","981","4"
"2830","0300 790 9901","217","937","2"
"2831","020 7556 8500","223","981","2"
"2832","0300 790 9901","223","937","1"
"2834","0300 790 9901","231","937","4"
"2838","020 7556 8500","277","981","0"
"2839","0300 790 9901","277","937",""
"2841","0300 790 9901","281","937","3"
"2843","0300 790 9901","289","937","1"
"2845","0300 790 9901","495","937",""
"2846","020 7556 8500","504","981","0"
"2847","0300 790 9901","504","937",""
"2848","020 7556 8500","548","981","0"
"2849","0300 790 9901","548","937","3"
"2850","020 7556 8500","578","981","3"
"2851","0300 790 9901","578","937","2"
"2854","020 7556 8500","612","981","0"
"2855","0300 790 9901","612","937","0"
"2856","020 7556 8500","630","981","0"
"2857","0300 790 9901","630","937","0"
"2859","0300 790 9901","648","937",""
"2860","020 7556 8500","1458","981",""
"2861","0300 790 9901","1458","937",""
"2862","020 7556 8500","662","981","5"
"2863","0300 790 9901","662","937","4"
"2864","020 7556 8500","141","611",""
"2865","020 7556 8500","231","981","5"
"2866","Fax: 01784 895520","567","789","4"
"2867","01282 800100","499","3","3"
"2868","01228 882140","135","1010","1"
"2869","0208 600 6860","647","276",""
"2871","0208 955 0555","217","12","0"
"2872","01452 833599","243","5","2"
"2874","020 8272 4113/4122","630","1013","0"
"2875","020 8271 1536/1530/1525","630","1014","0"
"2876","020 8271 1536/1530/1525","578","1014","6"
"2877","020 8437 6008/6066","578","1013","8"
"2880","0161 743 4023","1459","276","2"
"2881","0300 123 1372","1459","320","1"
"2883","0300 123 1372","9","1015","3"
"2884","0300 123 1372","14","1015",""
"2885","0300 123 1372","21","1015",""
"2886","0300 123 1372","25","1015",""
"2887","0300 123 1372","30","1015",""
"2888","0300 123 1372","32","1015",""
"2889","0300 123 1372","34","1015",""
"2890","0300 123 1372","36","1015",""
"2891","0300 123 1372","39","1015",""
"2892","0300 123 1372","41","1015",""
"2893","0300 123 1372","43","1015",""
"2894","0300 123 1372","53","1015","3"
"2895","0300 123 1372","54","1015","2"
"2897","0300 123 1372","62","1015","3"
"2898","0300 123 1372","65","1015","6"
"2899","0300 123 1372","67","1015",""
"2900","0300 123 1372","70","1015",""
"2901","0300 123 1372","73","1015",""
"2902","0300 123 1372","75","1015",""
"2903","0300 123 1372","78","1015",""
"2904","0300 123 1372","81","1015","3"
"2905","0300 123 1372","84","1015",""
"2906","0300 123 1372","86","1015",""
"2907","0300 123 1372","88","1015",""
"2908","0300 123 1372","91","1015",""
"2909","0300 123 1372","96","1015",""
"2910","0300 123 1372","104","1015",""
"2911","0300 123 1372","107","1015",""
"2913","0300 123 1372","111","1015","3"
"2914","0300 123 1372","113","1015",""
"2915","0300 123 1372","116","1015",""
"2916","0300 123 1372","118","1015",""
"2917","0300 123 1372","125","1015",""
"2918","0300 123 1372","129","1015",""
"2919","0300 123 1372","131","1015",""
"2920","0300 123 1372","135","1015","4"
"2921","0300 123 1372","138","1015","3"
"2922","0300 123 1372","145","1015",""
"2923","0300 123 1372","156","1015",""
"2924","0300 123 1372","160","1015",""
"2925","0300 123 1372","163","1015",""
"2926","0300 123 1372","170","1015",""
"2927","0300 123 1372","172","1015",""
"2928","0300 123 1372","177","1015",""
"2929","0300 123 1372","180","1015",""
"2930","0300 123 1372","183","1015",""
"2931","0300 123 1372","186","1015",""
"2932","0300 123 1372","190","1015",""
"2933","0300 123 1372","192","1015",""
"2934","0300 123 1372","198","1015",""
"2936","0300 123 1372","206","1015",""
"2937","0300 123 1372","212","1015",""
"2938","0300 123 1372","219","1015",""
"2939","0300 123 1372","221","1015",""
"2940","0300 123 1372","227","1015",""
"2941","0300 123 1372","239","1015","3"
"2942","0300 123 1372","242","1015","3"
"2943","0300 123 1372","252","1015",""
"2944","0300 123 1372","256","1015",""
"2945","0300 123 1372","261","1015",""
"2946","0300 123 1372","267","1015",""
"2947","0300 123 1372","271","1015",""
"2948","0300 123 1372","274","1015",""
"2949","0300 123 1372","276","1015",""
"2950","0300 123 1372","282","1015","3"
"2951","0300 123 1372","285","1015",""
"2952","0300 123 1372","287","1015",""
"2953","0300 123 1372","296","1015",""
"2954","0300 123 1372","300","1015",""
"2956","0300 123 1372","310","1015",""
"2958","0300 123 1372","318","1015",""
"2959","0300 123 1372","320","1015",""
"2960","0300 123 1372","324","1015",""
"2961","0300 123 1372","327","1015",""
"2962","0300 123 1372","329","1015",""
"2963","0300 123 1372","334","1015",""
"2964","0300 123 1372","335","1015","0"
"2965","0300 123 1372","341","1015",""
"2966","0300 123 1372","344","1015",""
"2967","0300 123 1372","349","1015","5"
"2968","0300 123 1372","352","1015",""
"2969","0300 123 1372","361","1015",""
"2970","0300 123 1372","362","1015","0"
"2971","0300 123 1372","374","1015","1"
"2972","0300 123 1372","377","1015",""
"2973","0300 123 1372","380","1015","1"
"2974","0300 123 1372","394","1015",""
"2975","0300 123 1372","395","1015",""
"2976","0300 123 1372","400","1015","6"
"2977","0300 123 1372","403","1015",""
"2978","0300 123 1372","408","1015",""
"2979","0300 123 1372","411","1015",""
"2980","0300 123 1372","414","1015",""
"2981","0300 123 1372","415","1015",""
"2982","0300 123 1372","423","1015",""
"2983","0300 123 1372","426","1015",""
"2984","0300 123 1372","427","1015","5"
"2985","0300 123 1372","438","1015","2"
"2986","0300 123 1372","441","1015","5"
"2987","0300 123 1372","445","1015",""
"2988","0300 123 1372","448","1015","2"
"2989","0300 123 1372","452","1015",""
"2990","0300 123 1372","455","1015",""
"2991","0300 123 1372","460","1015",""
"2992","0300 123 1372","468","1015",""
"2993","0300 123 1372","473","1015","1"
"2995","0300 123 1372","478","1015",""
"2996","0300 123 1372","483","1015",""
"2997","0300 123 1372","486","1015","9"
"2998","0300 123 1372","492","1015",""
"2999","0300 123 1372","500","1015",""
"3000","0300 123 1372","503","1015",""
"3001","0300 123 1372","506","1015","1"
"3002","0300 123 1372","507","1015",""
"3004","0300 123 1372","519","1015",""
"3005","0300 123 1372","524","1015",""
"3006","0300 123 1372","535","1015",""
"3007","0300 123 1372","538","1015",""
"3008","0300 123 1372","545","1015",""
"3009","0300 123 1372","550","1015",""
"3010","0300 123 1372","552","1015",""
"3011","0300 123 1372","559","1015","2"
"3012","0300 123 1372","562","1015","3"
"3013","0300 123 1372","564","1015",""
"3014","0300 123 1372","567","1015",""
"3015","0300 123 1372","575","1015","6"
"3016","0300 123 1372","577","1015",""
"3017","0300 123 1372","583","1015",""
"3018","0300 123 1372","588","1015",""
"3019","0300 123 1372","591","1015",""
"3020","0300 123 1372","597","1015",""
"3021","0300 123 1372","600","1015",""
"3022","0300 123 1372","602","1015",""
"3023","0300 123 1372","606","1015",""
"3024","0300 123 1372","608","1015",""
"3026","0300 123 1372","616","1015",""
"3027","0300 123 1372","619","1015",""
"3028","0300 123 1372","622","1015",""
"3030","0300 123 1372","629","1015",""
"3031","0300 123 1372","631","1015","3"
"3032","0300 123 1372","635","1015",""
"3034","0300 123 1372","638","1015",""
"3035","0300 123 1372","643","1015","3"
"3036","0300 123 1372","647","1015",""
"3037","0300 123 1372","650","1015",""
"3038","0300 123 1372","653","1015",""
"3039","0300 123 1372","661","1015",""
"3040","0300 123 1372","664","1015",""
"3041","0300 123 1372","671","1015",""
"3042","0300 123 1372","675","1015",""
"3043","0300 123 1372","678","1015","2"
"3044","0300 123 1372","683","1015",""
"3045","0300 123 1372","689","1015",""
"3046","0300 123 1372","691","1015",""
"3048","0300 123 1372","727","1015",""
"3049","0300 123 1372","735","1015","1"
"3050","0300 123 1372","748","1015",""
"3051","0300 123 1372","749","1015",""
"3052","0300 123 1372","750","1015","1"
"3053","0300 123 1372","759","1015",""
"3055","0300 123 1372","1429","1015",""
"3056","0300 123 1372","1431","1015","2"
"3057","0300 123 1372","1432","1015","5"
"3058","0300 123 1372","1439","1015",""
"3059","0300 123 1372","1445","1015","6"
"3060","0300 123 1372","1450","1015",""
"3062","0300 123 1372","1457","1015","2"
"3064","0161 743 4023","9","1016","4"
"3065","0161 743 4023","14","1016",""
"3066","0161 743 4023","21","1016",""
"3067","0161 743 4023","25","1016",""
"3068","0161 743 4023","30","1016",""
"3069","0161 743 4023","32","1016",""
"3070","0161 743 4023","34","1016",""
"3071","0161 743 4023","36","1016",""
"3072","0161 743 4023","39","1016",""
"3073","0161 743 4023","41","1016",""
"3074","0161 743 4023","43","1016",""
"3075","0161 743 4023","53","1016","4"
"3076","0161 743 4023","54","1016","3"
"3078","0161 743 4023","62","1016","4"
"3079","0161 743 4023","65","1016","7"
"3080","0161 743 4023","67","1016",""
"3081","0161 743 4023","70","1016",""
"3082","0161 743 4023","73","1016",""
"3083","0161 743 4023","75","1016",""
"3084","0161 743 4023","78","1016",""
"3085","0161 743 4023","81","1016","4"
"3086","0161 743 4023","84","1016",""
"3087","0161 743 4023","86","1016",""
"3088","0161 743 4023","88","1016",""
"3089","0161 743 4023","91","1016",""
"3090","0161 743 4023","96","1016",""
"3091","0161 743 4023","104","1016",""
"3092","0161 743 4023","107","1016",""
"3094","0161 743 4023","111","1016","4"
"3095","0161 743 4023","113","1016",""
"3096","0161 743 4023","116","1016",""
"3097","0161 743 4023","118","1016",""
"3098","0161 743 4023","125","1016",""
"3099","0161 743 4023","129","1016",""
"3100","0161 743 4023","131","1016",""
"3101","0161 743 4023","135","1016","5"
"3102","0161 743 4023","138","1016","4"
"3103","0161 743 4023","145","1016",""
"3104","0161 743 4023","156","1016",""
"3105","0161 743 4023","160","1016",""
"3106","0161 743 4023","163","1016",""
"3107","0161 743 4023","170","1016",""
"3108","0161 743 4023","172","1016",""
"3109","0161 743 4023","177","1016",""
"3110","0161 743 4023","180","1016",""
"3111","0161 743 4023","183","1016",""
"3112","0161 743 4023","186","1016",""
"3113","0161 743 4023","190","1016",""
"3114","0161 743 4023","192","1016",""
"3115","0161 743 4023","198","1016",""
"3117","0161 743 4023","206","1016",""
"3118","0161 743 4023","212","1016",""
"3119","0161 743 4023","219","1016",""
"3120","0161 743 4023","221","1016",""
"3121","0161 743 4023","227","1016",""
"3122","0161 743 4023","239","1016","4"
"3123","0161 743 4023","242","1016","4"
"3124","0161 743 4023","252","1016",""
"3125","0161 743 4023","256","1016",""
"3126","0161 743 4023","261","1016",""
"3127","0161 743 4023","267","1016",""
"3128","0161 743 4023","271","1016",""
"3129","0161 743 4023","274","1016",""
"3130","0161 743 4023","276","1016",""
"3131","0161 743 4023","282","1016","4"
"3132","0161 743 4023","285","1016",""
"3133","0161 743 4023","287","1016",""
"3134","0161 743 4023","296","1016",""
"3135","0161 743 4023","300","1016",""
"3137","0161 743 4023","310","1016",""
"3139","0161 743 4023","318","1016",""
"3140","0161 743 4023","320","1016",""
"3141","0161 743 4023","324","1016",""
"3142","0161 743 4023","327","1016",""
"3143","0161 743 4023","329","1016",""
"3144","0161 743 4023","334","1016",""
"3145","0161 743 4023","335","1016","0"
"3146","0161 743 4023","341","1016",""
"3147","0161 743 4023","344","1016",""
"3148","0161 743 4023","349","1016","6"
"3149","0161 743 4023","352","1016",""
"3150","0161 743 4023","361","1016",""
"3151","0161 743 4023","362","1016","0"
"3152","0161 743 4023","374","1016","2"
"3153","0161 743 4023","377","1016",""
"3154","0161 743 4023","380","1016","2"
"3155","0161 743 4023","394","1016",""
"3156","0161 743 4023","395","1016",""
"3157","0161 743 4023","400","1016","5"
"3158","0161 743 4023","403","1016",""
"3159","0161 743 4023","408","1016",""
"3160","0161 743 4023","411","1016",""
"3161","0161 743 4023","414","1016",""
"3162","0161 743 4023","415","1016",""
"3163","0161 743 4023","423","1016",""
"3164","0161 743 4023","426","1016",""
"3165","0161 743 4023","427","1016","6"
"3166","0161 743 4023","438","1016","3"
"3167","0161 743 4023","441","1016","6"
"3168","0161 743 4023","445","1016",""
"3169","0161 743 4023","448","1016","3"
"3170","0161 743 4023","452","1016",""
"3171","0161 743 4023","455","1016",""
"3172","0161 743 4023","460","1016",""
"3173","0161 743 4023","468","1016",""
"3174","0161 743 4023","473","1016","2"
"3176","0161 743 4023","478","1016",""
"3177","0161 743 4023","483","1016",""
"3178","0161 743 4023","486","1016","10"
"3179","0161 743 4023","492","1016",""
"3180","0161 743 4023","500","1016",""
"3181","0161 743 4023","503","1016",""
"3182","0161 743 4023","506","1016","1"
"3183","0161 743 4023","507","1016",""
"3185","0161 743 4023","519","1016",""
"3186","0161 743 4023","524","1016",""
"3187","0161 743 4023","535","1016",""
"3188","0161 743 4023","538","1016",""
"3189","0161 743 4023","545","1016",""
"3190","0161 743 4023","550","1016",""
"3191","0161 743 4023","552","1016",""
"3192","0161 743 4023","559","1016","3"
"3193","0161 743 4023","562","1016","4"
"3194","0161 743 4023","564","1016",""
"3195","0161 743 4023","567","1016",""
"3196","0161 743 4023","575","1016","7"
"3197","0161 743 4023","577","1016",""
"3198","0161 743 4023","583","1016",""
"3199","0161 743 4023","588","1016",""
"3200","0161 743 4023","591","1016",""
"3201","0161 743 4023","597","1016",""
"3202","0161 743 4023","600","1016",""
"3203","0161 743 4023","602","1016",""
"3204","0161 743 4023","606","1016",""
"3205","0161 743 4023","608","1016",""
"3207","0161 743 4023","616","1016",""
"3208","0161 743 4023","619","1016",""
"3209","0161 743 4023","622","1016",""
"3211","0161 743 4023","629","1016",""
"3212","0161 743 4023","631","1016","4"
"3213","0161 743 4023","635","1016",""
"3215","0161 743 4023","638","1016",""
"3216","0161 743 4023","643","1016","4"
"3217","0161 743 4023","647","1016",""
"3218","0161 743 4023","650","1016",""
"3219","0161 743 4023","653","1016",""
"3220","0161 743 4023","661","1016",""
"3221","0161 743 4023","664","1016",""
"3222","0161 743 4023","671","1016",""
"3223","0161 743 4023","675","1016",""
"3224","0161 743 4026","678","1016","3"
"3225","0161 743 4023","683","1016",""
"3226","0161 743 4023","689","1016",""
"3227","0161 743 4023","691","1016",""
"3229","0161 743 4023","727","1016",""
"3230","0161 743 4023","735","1016","2"
"3231","0161 743 4023","748","1016",""
"3232","0161 743 4023","749","1016",""
"3233","0161 743 4023","750","1016","2"
"3234","0161 743 4023","759","1016",""
"3236","0161 743 4023","1429","1016",""
"3237","0161 743 4023","1431","1016","3"
"3238","0161 743 4023","1432","1016","6"
"3239","0161 743 4023","1439","1016",""
"3240","0161 743 4023","1445","1016","6"
"3241","0161 743 4023","1450","1016",""
"3243","0161 743 4023","1457","1016","3"
"3246","01743 260820","530","113","1"
"3250","01905 730800","678","423","1"
"3251","01782 200193","678","476","8"
"3258","01245 313300","1460","12",""
"3259","01245 313399","1460","5",""
"3260","0844 892 4000","1460","544",""
"3261","01245 313300","1461","12",""
"3262","01245 313399","1461","5",""
"3263","0844 892 4000","1461","544",""
"3264","0208 955 0555","231","12","0"
"3265","01494 651025","39","476","7"
"3266","01494 651025","113","476","5"
"3267","01494 651025","125","476","5"
"3268","01494 651025","129","476","0"
"3269","01494 651025","748","476","5"
"3270","01494 651025","192","476","5"
"3271","01494 651025","310","476","5"
"3272","01494 651025","324","476","5"
"3273","01494 651025","380","476","3"
"3274","01494 651025","395","476","5"
"3275","01494 651025","445","476","0"
"3276","01494 651025","468","476","7"
"3277","01494 651025","552","476","5"
"3278","01494 651025","606","476","0"
"3279","01494 651025","619","476","5"
"3280","01494 651025","638","476","5"
"3282","01202 711880","80","289",""
"3283","01202 711880","654","289","3"
"3284","01202 711880","481","1025","0"
"3285","0207 556 8555","141","602",""
"3286","0191 2982280","584","488","2"
"3287","0191 2982280","547","488","3"
"3288","0191 2982280","439","488","3"
"3290","0191 2982280","240","488","2"
"3291","0191 2982280","48","488","2"
"3292","0191 2982280","542","488","2"
"3293","01292 711880","10","602",""
"3294","01292 711880","591","602","15"
"3295","01604 470400","441","1029","0"
"3297","01604 470445","441","1031","3"
"3298","01296 434401","1462","12",""
"3299","01296 435665","1462","5",""
"3300","0845 6010485","1463","213",""
"3301","0113 307 6600","1464","213",""
"3302","023 8038 4203","551","295","3"
"3303","0870 739 4190","551","1042","4"
"3306","0300 123 1372","1465","320",""
"3307","0161 743 4023","1465","276",""
"3311","0161 240 5313 / 5315","750","1059","4"
"3312","0161 240 5423 / 5455","750","1060","5"
"3313","0161 240 5319 / 5050","750","1069","8"
"3314","0161 240 5200 / 5348","750","1061","10"
"3316","0161 240 5424 / 5455","750","1063","12"
"3318","0161 240 5312 or 5305/  5315 (Fax)","750","1066","26"
"3319","0161 240 5409 / 5315","750","1067","27"
"3320","0161 240 5050","750","554","28"
"3321","0161 240 5307/ Fax 5398","750","47","20"
"3322","0161 240 5207 / 5242","750","1070","11"
"3324","0161 240 5431 / 5455","750","1064","15"
"3326","0115 9103401","448","1073","4"
"3327","0115 9103504","448","544","5"
"3328","0115 9103413","448","1074","6"
"3330","0115 9103409","448","1076","8"
"3331","0115 9103502","448","975","9"
"3332","0151 296 2454","735","1085","3"
"3333","0151 296 2444","735","1086","7"
"3334","0151 296 2444","735","1087","6"
"3336","0151 296 2525","735","1088","6"
"3337","0151 296 2489","735","1089","3"
"3338","0151 296 2444","735","1090","8"
"3339","0151 296 2583","735","1091","8"
"3341","0870 761 7695 (Goldfax)","1466","5","0"
"3342","0870 761 7716","709","5",""
"3343","0161 240 5730","1448","1098",""
"3345","02920 376 400","131","1102","0"
"3346","0300 123 1751","54","130","0"
"3347","0121 681 4441","54","1106","1"
"3348","01723 501992","518","53","0"
"3349","01723 353250","518","460","0"
"3350","0300 123 1372","733","1015","4"
"3351","0161 743 4023","733","1016","4"
"3352","029 2037 6440","733","476","5"
"3353","01480 415600","749","1113","6"
"3355","01926 682411","1445","72","0"
"3357","01926 429133","340","213","1"
"3361","01282 800100","108","3","2"
"3362","01926 682411","180","1119",""
"3363","01282 425 780","108","1079","4"
"3364","01253 296253","66","1079","0"
"3365","01524 62907","336","1079","2"
"3366","01772 844836","1441","1079",""
"3367","01772 887439","487","1079","4"
"3368","020 7647 7387/6187","703","1122",""
"3369","0870 761 7695","703","276",""
"3370","0870 7394375","150","1131",""
"3371","0115 9103420","448","1132","6"
"3372","01273 480400","349","732","1"
"3373","01273 674421","349","733","2"
"3374","01273 485269","349","673","3"
"3375","01273 602138","349","672","4"
"3376","01752 677480","473","72","4"
"3377","01273 670888","297","542","1"
"3378","01273 811770  (fax)","297","542","2"
"3379","01403 252474","297","472","3"
"3380","01403 258844","297","324","4"
"3381","01752 677498","473","86","7"
"3382","01983 554977","427","295","4"
"3383","01924 207963","1467","778","1"
"3384","01924 207901","1467","1073","2"
"3385","01924 207902","1467","600","3"
"3386","01924 207903","1467","349","4"
"3387","01924 207904","1467","44","5"
"3388","01924 207959","1467","5","6"
"3389","0300 123 5577","340","544","3"
"3390","01268 458100","39","672","4"
"3391","0870 324 0090","39","673","6"
"3392","01926 429133","1445","885","2"
"3393","0870 324 0255","1445","460","3"
"3394","0870 324 0072","1432","295","2"
"3395","0870 324 0069","1432","673","3"
"3396","01722 345201","1432","672","4"
"3397","0870 324 0125","664","1131","0"
"3398","0870 324 0125","664","673",""
"3399","0870 739 4087","42","1131","2"
"3400","0870 761 7655","550","1152","6"
"3401","0870 324 0117","550","1153","7"
"3402","0870 324 0118","550","1154","8"
"3403","0870 324 0119","550","1155","9"
"3404","0161 240 5131","1429","476","5"
"3405","0161 240 5051","1429","552","6"
"3407","0870 761 7769","550","1159","5"
"3408","0870 324 0112","550","1158","4"
"3409","0870 761 7750","550","1160","6"
"3410","01249 463473","1468","12",""
"3411","0300 123 1372","1468","1015",""
"3412","0161 743 4023","1468","1016",""
"3413","01249 466246","1468","5",""
"3414","0300 790 9901","636","937","3"
"3415","0300 790 9901","359","937","3"
"3417","0300 790 9901","263","937","3"
"3418","0300 790 9901","159","937","3"
"3419","0300 790 9901","378","937","3"
"3420","0300 790 9901","541","937","3"
"3421","01273 573510","382","213",""
"3422","01225 420255","44","276",""
"3423","01905 730830","678","64","5"
"3424","01905 730801","678","69","6"
"3425","0870 324 0114","242","1131","2"
"3426","0870 324 0188","81","1131","2"
"3427","0870 324 0152","315","190",""
"3428","0870 324 0151","315","1048",""
"3429","0870 324 0150","315","280",""
"3430","0207 556 8500","623","981","3"
"3431","0207 805 9851/9860","187","174","4"
"3432","08703 240 106","425","1131","3"
"3433","01633 645112","3","488","2"
"3434","01633 645112","733","488","2"
"3435","01282 610000","7","488",""
"3436","01202 711880","10","488","2"
"3437","01562 514000","752","488",""
"3438","01202 711880","13","488",""
"3439","01202 711880","16","488","2"
"3440","0845 3004 239","23","488",""
"3441","0845 3004 239","26","488","2"
"3442","0207 556 8500","495","488",""
"3443","01752 641470","35","488",""
"3444","01539 720478","37","488",""
"3445","01553 778730 / 01603 230403 /01702 283830","40","488","3"
"3446","01202 711880","42","488","3"
"3447","01934 528528","44","488",""
"3448","01234 319100","45","488","2"
"3449","01302 347322","49","488",""
"3450","0207 556 8500","50","488",""
"3451","0845 3004 239","51","488","3"
"3452","0121 212 6666","58","488",""
"3453","01282 610000","63","488",""
"3454","01282 610000","66","488",""
"3455","0161 830 4200","74","488","2"
"3456","01522 582803","76","488",""
"3457","01202 711880","80","488",""
"3458","0113 3076600","85","488",""
"3459","01633 645112","86","488",""
"3460","01633 645112","91","488",""
"3461","01302 347322","94","488",""
"3462","01622 680070","99","488",""
"3463","01934 528528","103","488",""
"3464","01562 514000","106","488",""
"3465","01282 610000","108","488","2"
"3466","01889 503500","110","488","2"
"3467","0161 830 4200","112","488",""
"3468","01553 778730 or 01603 230403","115","488","2"
"3469","or 01702 283830","115","488","3"
"3470","01332 362000","117","488","2"
"3471","01633 645112","120","488","6"
"3472","01633 645112","121","488","5"
"3473","0207 556 8500","123","488",""
"3474","01553 778730, 01603 230403","127","488",""
"3475","or 01702 283830","127","488",""
"3476","01889 503500","128","488","2"
"3477","01622 680070","130","488",""
"3478","01633 645112","133","488","3"
"3479","01539 720478","136","488","2"
"3480","01633 645112","139","488","5"
"3481","01622 680070","148","488","2"
"3482","01553 778730 or 01603 230403","1461","488","3"
"3483","or 01702 283830","1461","488","4"
"3484","0845 200 2078","159","488","3"
"3485","01332 362000","161","488","2"
"3486","01325 376671 or 01325 376670","162","488","2"
"3487","01622 680070","164","488","2"
"3488","01202 711880","165","488","2"
"3489","01282 610000","167","488","3"
"3490","0207 556 8500","169","488","1"
"3491","01603 230403 or 01553 778730","1460","488","3"
"3492","or 01702 283830","1460","488","4"
"3493","01325 376671 or 01325 376670","216","488","2"
"3494","01604 497040","178","488","2"
"3495","0121 212 6666","181","488","4"
"3496","01622 680070","182","488","2"
"3497","01633 645112","189","488","2"
"3498","01325 376671 or 01325 376670","191","488","2"
"3499","01622 680070","193","488","2"
"3500","01633 645112","197","488","4"
"3501","01332 362000","199","488","2"
"3502","01633 645112","205","488","4"
"3503","01302 347322","208","488","2"
"3504","01622 680070","211","488","2"
"3505","0121 212 6666","213","488","2"
"3506","0207 556 8500","217","488","3"
"3507","0845 3004 239","83","488","4"
"3508","0845 3004 239","379","488","4"
"3509","0845 3004 239","218","488","4"
"3510","01622 680070","220","488","2"
"3511","01202 711880","230","488","2"
"3512","0207 556 8500","231","488","2"
"3513","01282 610000","233","488","2"
"3514","01622 680070","235","488","2"
"3515","01539 720478","237","488","2"
"3516","01452 420100","244","488","2"
"3517","01522 582803","248","488","1"
"3518","01553 778730 or 01603 230403","253","488","1"
"3519","or 01702 283830","253","488","2"
"3520","0207 556 8500","254","488","3"
"3521","01302 347322","255","488","2"
"3522","01622 680070","258","488","2"
"3523","0113 3076600","262","488","2"
"3524","0207 556 8500","648","488","4"
"3525","01553 778730 / 01603 230403 / 01702 283830","266","488","2"
"3526","01609 783539 or 0845 601 0485","268","488","2"
"3527","01642 261681","272","488","2"
"3528","01622 680070","275","488","2"
"3529","01234 319100","760","488","0"
"3530","01633 645112","730","488","3"
"3531","0207 556 8500","281","488","3"
"3532","01562 514000","284","488","2"
"3533","01234 319100","286","488","2"
"3534","0845 3004 239","288","488","4"
"3535","0207 556 8500","289","488","2"
"3536","0116 2553666","290","488","1"
"3537","01633 645112","292","488","4"
"3538","01622 680070","297","488",""
"3539","01302 347322","302","488","2"
"3540","0207 556 8500","309","488","3"
"3541","01752 641470","314","488","2"
"3542","01539 720478","319","488","2"
"3543","01604 497040","321","488","2"
"3544","01562 514000","323","488","2"
"3545","01553 778730 or 01603 230403","326","488","2"
"3546","or 01702 283830","326","488","3"
"3547","01302 347322","328","488","2"
"3548","0113 3076600","301","488","2"
"3549","01282 610000","337","488","2"
"3550","0207 556 8500","548","488","2"
"3551","02476 482961","340","488","4"
"3552","0113 3076600","342","488","2"
"3553","0116 2553666","346","488","2"
"3554","01522 582803","354","488","3"
"3555","0845 200 2078","359","488","3"
"3556","01633 645112","756","488","2"
"3557","01633 645112","360","488","3"
"3558","01633 645112","721","488","2"
"3559","01509 215715","755","488","2"
"3560","01553 778730 or01603 230403","370","488","2"
"3561","or 01702 283830","370","488","3"
"3562","01234 319100","373","488","2"
"3563","0845 200 2078","378","488","2"
"3564","01622 680070","381","488","2"
"3565","0161 830 4200","383","488","1"
"3566","01622 680070","390","488","2"
"3567","01622 680070","396","488","2"
"3568","01633 645112","400","488","2"
"3569","0845 3004 239","409","488","2"
"3570","01633 645112","413","488","2"
"3571","01633 645112","416","488","2"
"3572","0191 2982280","425","488","1"
"3573","01633 645112","431","488","2"
"3574","01752 641470","432","488","2"
"3575","01325 376671 or 01325 376670","433","488","2"
"3576","01934 528528","434","488","2"
"3577","0845 200 2078","746","488","1"
"3578","01934 528528","651","488","2"
"3580","01609 783539 or 0845 6010485","440","488","2"
"3581","01604 497040","443","488","2"
"3582","01604 497040","442","488","2"
"3583","01553 778730, or 01603 230403","446","488","2"
"3584","or 01702 283830","446","488","3"
"3585","0115 955 8111","450","488",""
"3586","02476 482961","453","488","0"
"3587","0161 830 4200","456","488","2"
"3588","0845 3004 239","462","488","2"
"3589","01553 778730 or 01603 230403","469","488","2"
"3590","or 01702 283830","469","488","3"
"3591","01325 376671 or 01325 376670","471","488","2"
"3592","01752 641470","474","488","2"
"3593","01633 645112","479","488","2"
"3594","01202 711880","481","488","2"
"3595","01633 645112","482","488","2"
"3596","01202 711880","484","488","2"
"3597","01633 645112","485","488","2"
"3598","01282 610000","487","488","2"
"3599","0845 3004 239","494","488","2"
"3600","01562 514000","497","488","2"
"3601","01622 680070","498","488",""
"3602","01282 610000","499","488","2"
"3603","0207 556 8500","277","488","0"
"3604","01302 347322","508","488","2"
"3605","0845 200 2078","263","488","2"
"3606","0121 212 6666","634","488","2"
"3607","01609 783539 or 0845 6010485","518","488","0"
"3608","01302 347322","520","488","2"
"3609","01622 680070","523","488","2"
"3610","01302 347322","525","488","2"
"3611","01562 514000","531","488","2"
"3612","01522 582803","534","488","1"
"3613","01609 783539 or 0845 6010485","536","488","2"
"3614","0121 212 6666","540","488","2"
"3615","0845 200 2078","541","488","2"
"3616","01282 610000","351","488","3"
"3617","01934 528528","546","488","2"
"3618","01562 51400","549","488","2"
"3619","01603 230403 or 01553 778730","554","488","2"
"3620","or 01702 283830","554","488","3"
"3621","0845 200 2078","556","488","2"
"3622","01522 582803","558","488","1"
"3623","01234 319100","561","488","1"
"3624","0845 200 2078","563","488","2"
"3625","01889 503500","565","488","2"
"3626","01622 680070","568","488","1"
"3627","01234 319100","570","488","2"
"3628","0161 830 4200","572","488","4"
"3630","01452 420100","581","488","2"
"3631","01633545112","590","488","2"
"3632","01202 711880","592","488","2"
"3633","0207 556 8500","605","488","0"
"3634","0161 830 4200","19","488","2"
"3635","01934 528528","599","488","2"
"3636","01642 261681","601","488","2"
"3637","01562 514000","603","488","2"
"3638","01752 641470","609","488","2"
"3639","0207 556 8500","223","488","0"
"3640","0207 556 8500","612","488",""
"3641","0161 830 4200","613","488","2"
"3642","01752 641470","618","488","2"
"3643","0207 556 8500","623","488","2"
"3644","01633 645112","624","488","2"
"3645","0113 3076600","627","488","2"
"3646","0121 212 6666","628","488","2"
"3647","0845 200 2078","636","488","2"
"3648","01234 319100","639","488","2"
"3649","01604 497040","641","488","2"
"3650","01633 645112","644","488","2"
"3651","0845 3004 239","421","488","1"
"3652","01202 711880","551","488","2"
"3653","01934 528528","649","488","2"
"3654","0207 556 8500","1458","488",""
"3655","01202 711880","654","488","2"
"3656","0161 830 4200","659","488","2"
"3657","0207 556 8500","87","488","2"
"3658","0207 556 8500","662","488","3"
"3659","0845 200 2078","666","488","2"
"3660","0121 212 6666","672","488","2"
"3661","0115 955 8111","681","488","2"
"3662","01622 680070","684","488","2"
"3663","01633 645112","686","488",""
"3664","01609 783539 or 0845 6010485","693","488","2"
"3665","0845 200 2078","1469","213",""
"3667","0161 240 5307 / 5398","750","1170","8"
"3668","0161 240 5300 / 5399","750","1171","10"
"3669","0870 324 0146","64","1131","2"
"3671","0845 200 2078","544","488",""
"3672","0115 955 8111","1457","488","4"
"3673","020 8437 6113","1470","213",""
"3674","0870 324 0209","48","1131",""
"3676","0300-790-9901","1469","1178","0"
"3677","020 7947 7725","695","5",""
"3678","020 7947 7725","745","5",""
"3683","0870 324 0160","673","1181",""
"3684","0870 324 0159","673","1182",""
"3685","01604 619578","754","1183","9"
"3686","0870 324 0225","506","1131",""
"3689","0870 324 0210","240","1131",""
"3690","0870 324 0210","239","1131","1"
"3692","01582 522026","375","1188",""
"3693","0870 324 0240","87","1131","1"
"3694","0870 324 0240","281","1131","1"
"3695","0870 324 0240","217","1131","1"
"3696","0870 324 0240","231","1131","1"
"3697","0870 324 0240","623","1131","1"
"3698","01622 693452","380","190","0"
"3699","01622 202118","380","1191","4"
"3700","01622 202019","380","209","5"
"3701","0870 324 0277","678","1131","1"
"3702","0870 324 0243","423","55","4"
"3703","0300 123 5577","181","544","3"
"3704","02476 221095","181","15","5"
"3705","0870 324 0254","1445","1192","10"
"3706","0870 324 0254","340","1192","5"
"3707","(Fax) 0870 324 0255","340","213","2"
"3708","01782 264149","575","1193","5"
"3709","0870 324 0223","105","1131","2"
"3710","0870 324 0223","50","1131","3"
"3711","0870 324 0223","254","1131","2"
"3712","0870 324 0236","133","1131","1"
"3713","0151 666 5800","53","213","1"
"3714","01254 299840","62","12","1"
"3715","01254 692712","62","5","2"
"3716","01254 299840 option 4","62","153","8"
"3717","01253 754021","65","48","3"
"3718","01253 754022","65","1195","4"
"3719","01253 754023","65","177","5"
"3720","01204 392881","1471","12",""
"3721","01204 363204","1471","673",""
"3722","01244 317606","157","423",""
"3723","01772 844700","1441","1196",""
"3724","01772 844700","1441","1197",""
"3726","01772 844700","486","893",""
"3727","01772 844700","486","892",""
"3728","01772 844500","486","1200",""
"3729","01772 844700","336","213",""
"3730","01524 597000","337","12",""
"3731","0300 123 1372","572","1015","5"
"3732","0161 743 4023","572","1016","6"
"3733","0300 790 9901","753","937","3"
"3734","0300 790 9901","666","937",""
"3735","0844 892 0550","1431","884",""
"3736","0844 892 0550","282","884",""
"3737","0844 892 0550","374","884",""
"3738","0844 892 0550","559","884",""
