"court_images_id","image_id","court_id"
"1","572","1"
"2","32","2"
"3","33","3"
"5","35","5"
"6","36","6"
"7","37","7"
"9","39","9"
"10","40","10"
"13","43","13"
"14","683","14"
"16","46","16"
"17","47","17"
"18","48","18"
"19","575","19"
"21","694","21"
"22","51","22"
"23","52","23"
"24","53","24"
"25","55","25"
"26","55","26"
"28","57","28"
"29","58","29"
"30","59","30"
"32","61","32"
"34","62","34"
"35","63","35"
"36","64","36"
"37","65","37"
"38","66","38"
"39","67","39"
"40","68","40"
"41","69","41"
"42","70","42"
"43","72","43"
"44","72","44"
"45","74","45"
"47","75","47"
"48","76","48"
"49","631","49"
"50","77","50"
"51","78","51"
"52","272","52"
"53","80","53"
"54","81","54"
"55","81","55"
"56","82","56"
"57","564","57"
"58","83","58"
"59","84","59"
"60","85","60"
"62","655","62"
"63","87","63"
"64","662","64"
"66","88","66"
"67","89","67"
"70","92","70"
"71","93","71"
"72","590","72"
"73","561","73"
"74","94","74"
"75","95","75"
"76","96","76"
"78","98","78"
"79","99","79"
"80","100","80"
"81","101","81"
"83","103","83"
"84","595","84"
"85","104","85"
"86","666","86"
"87","105","87"
"88","106","88"
"89","107","89"
"91","109","91"
"92","111","92"
"94","639","94"
"96","604","96"
"98","618","98"
"99","113","99"
"101","115","101"
"103","637","103"
"104","750","104"
"105","117","105"
"106","688","106"
"107","751","107"
"108","118","108"
"109","119","109"
"110","120","110"
"111","684","111"
"112","121","112"
"113","122","113"
"114","123","114"
"115","124","115"
"116","756","116"
"117","756","117"
"118","126","118"
"119","127","119"
"120","128","120"
"121","129","121"
"123","131","123"
"124","132","124"
"125","133","125"
"126","134","126"
"127","757","127"
"128","136","128"
"129","558","129"
"130","137","130"
"131","138","131"
"132","565","132"
"133","139","133"
"134","580","134"
"135","140","135"
"136","141","136"
"137","579","137"
"138","143","138"
"139","143","139"
"140","144","140"
"141","642","141"
"142","694","142"
"143","145","143"
"144","21","144"
"145","669","145"
"148","146","148"
"150","680","150"
"151","148","151"
"152","712","152"
"153","149","153"
"156","151","156"
"157","152","157"
"158","759","158"
"159","154","159"
"160","156","160"
"161","692","161"
"162","153","162"
"163","157","163"
"164","158","164"
"165","159","165"
"166","160","166"
"167","161","167"
"169","163","169"
"170","716","170"
"171","164","171"
"172","165","172"
"173","166","173"
"175","168","175"
"176","169","176"
"177","301","177"
"178","171","178"
"180","632","180"
"181","173","181"
"182","174","182"
"183","175","183"
"184","176","541"
"186","178","186"
"187","179","187"
"189","181","189"
"190","582","190"
"191","182","191"
"192","746","192"
"193","183","193"
"197","185","197"
"198","186","198"
"199","679","199"
"201","21","201"
"202","583","202"
"203","188","203"
"204","189","204"
"205","190","205"
"206","584","206"
"207","585","207"
"208","191","208"
"209","517","209"
"211","193","211"
"212","453","212"
"213","195","213"
"215","586","215"
"216","197","216"
"217","198","217"
"218","664","218"
"219","199","219"
"220","200","220"
"221","645","221"
"223","202","223"
"224","203","224"
"225","789","225"
"226","205","226"
"227","623","227"
"228","206","228"
"229","207","229"
"230","208","230"
"231","209","231"
"233","211","233"
"235","213","235"
"237","689","237"
"239","216","239"
"240","217","240"
"242","218","242"
"243","219","243"
"244","220","244"
"245","591","245"
"246","221","246"
"247","222","247"
"248","223","248"
"252","226","253"
"253","227","254"
"254","228","255"
"255","592","256"
"256","651","257"
"257","229","258"
"260","596","261"
"261","232","262"
"262","721","263"
"263","233","264"
"265","235","266"
"266","236","267"
"267","237","268"
"268","659","269"
"269","238","270"
"270","239","271"
"271","240","272"
"272","241","273"
"273","242","274"
"274","243","275"
"275","244","276"
"276","682","277"
"279","247","281"
"280","248","282"
"281","249","283"
"282","601","284"
"283","250","285"
"284","251","286"
"285","252","287"
"286","665","288"
"287","253","289"
"288","254","290"
"289","255","291"
"290","256","292"
"293","259","295"
"294","612","296"
"295","260","297"
"297","556","299"
"298","262","300"
"299","263","301"
"300","640","302"
"303","775","305"
"306","566","308"
"307","627","309"
"308","267","310"
"309","268","311"
"310","267","312"
"311","269","313"
"312","749","314"
"313","793","315"
"314","271","316"
"315","272","317"
"316","273","318"
"317","273","319"
"318","787","320"
"319","274","321"
"320","754","322"
"321","600","323"
"322","276","324"
"323","607","325"
"324","277","326"
"325","597","327"
"326","676","328"
"327","702","329"
"328","278","330"
"329","628","331"
"330","279","332"
"331","613","333"
"332","670","334"
"333","280","335"
"334","281","336"
"335","282","337"
"336","283","338"
"338","790","340"
"339","286","341"
"340","287","342"
"342","289","344"
"343","290","345"
"344","291","346"
"346","727","348"
"347","557","349"
"349","293","351"
"350","294","352"
"351","295","353"
"352","296","354"
"353","297","355"
"355","710","357"
"356","621","358"
"357","300","359"
"358","301","360"
"359","302","361"
"360","303","362"
"361","304","363"
"362","615","364"
"363","668","365"
"368","309","370"
"369","311","371"
"371","313","373"
"372","312","374"
"373","686","375"
"375","21","377"
"376","316","378"
"377","317","379"
"378","685","380"
"379","318","381"
"380","685","382"
"381","321","383"
"383","725","385"
"384","320","386"
"387","324","389"
"388","325","390"
"390","327","392"
"392","671","394"
"393","782","395"
"394","691","396"
"395","703","397"
"396","330","398"
"398","332","400"
"400","245","402"
"401","554","403"
"403","622","405"
"406","653","408"
"407","335","409"
"409","337","411"
"410","338","412"
"411","339","413"
"412","340","414"
"413","341","415"
"414","342","416"
"416","344","418"
"417","343","419"
"418","345","420"
"419","346","421"
"420","347","422"
"421","577","423"
"422","349","424"
"423","348","425"
"424","350","426"
"425","605","427"
"427","351","429"
"428","353","430"
"429","352","431"
"430","354","432"
"431","355","433"
"432","677","434"
"434","753","436"
"436","649","438"
"437","657","439"
"438","356","440"
"439","357","441"
"441","358","443"
"443","619","445"
"444","360","446"
"445","620","447"
"446","361","448"
"447","362","449"
"448","363","450"
"449","364","451"
"450","365","452"
"451","559","453"
"453","368","455"
"454","369","456"
"455","370","457"
"456","371","458"
"458","373","460"
"459","611","461"
"460","374","462"
"461","375","463"
"462","376","464"
"464","377","466"
"466","562","468"
"467","379","469"
"468","610","470"
"469","630","471"
"471","652","473"
"472","381","474"
"473","382","475"
"474","383","476"
"475","384","477"
"476","385","478"
"477","386","479"
"478","609","480"
"479","387","481"
"480","21","482"
"481","636","483"
"482","389","484"
"483","390","485"
"484","391","486"
"485","392","487"
"486","393","488"
"488","394","490"
"490","396","492"
"491","654","493"
"492","397","494"
"493","398","495"
"494","399","496"
"495","629","497"
"496","400","498"
"497","401","499"
"498","704","500"
"501","403","503"
"502","404","504"
"503","405","505"
"504","567","506"
"505","406","507"
"506","407","508"
"507","408","509"
"508","409","510"
"511","412","513"
"512","413","514"
"515","416","517"
"516","417","518"
"517","418","519"
"518","419","520"
"519","755","521"
"520","420","522"
"521","421","523"
"522","646","524"
"523","422","525"
"524","745","526"
"527","424","529"
"528","425","530"
"529","426","531"
"530","427","532"
"532","429","534"
"533","430","535"
"534","430","536"
"536","661","538"
"537","432","539"
"538","433","540"
"540","648","542"
"542","678","544"
"543","434","545"
"544","576","546"
"545","643","547"
"546","563","548"
"547","602","549"
"548","435","550"
"549","436","551"
"550","599","552"
"551","550","716"
"552","437","554"
"553","603","555"
"554","438","556"
"555","439","557"
"556","440","558"
"557","441","559"
"558","625","560"
"559","442","561"
"560","443","562"
"561","444","563"
"562","445","564"
"563","698","565"
"564","715","566"
"565","568","567"
"566","446","568"
"568","448","570"
"570","450","572"
"571","452","573"
"572","587","574"
"573","451","575"
"575","453","577"
"576","455","578"
"577","456","579"
"579","458","581"
"581","569","583"
"582","460","584"
"583","461","585"
"584","462","586"
"586","464","588"
"587","465","589"
"588","466","590"
"589","467","591"
"590","468","592"
"593","472","595"
"595","570","597"
"596","571","598"
"597","473","599"
"598","554","600"
"599","474","601"
"600","475","602"
"601","476","603"
"603","478","605"
"604","479","606"
"606","481","608"
"607","482","609"
"610","485","612"
"611","486","613"
"613","488","615"
"614","573","616"
"615","574","617"
"616","489","618"
"617","490","619"
"620","492","622"
"621","493","623"
"622","634","624"
"623","675","625"
"624","494","626"
"625","495","627"
"626","497","628"
"627","496","629"
"628","498","630"
"629","635","631"
"632","501","634"
"633","502","635"
"634","503","636"
"635","504","637"
"636","505","638"
"637","506","639"
"638","507","640"
"639","508","641"
"641","511","643"
"642","511","644"
"645","663","647"
"646","513","648"
"647","693","649"
"648","514","650"
"649","744","651"
"650","516","652"
"651","638","653"
"652","518","654"
"654","520","656"
"655","521","657"
"657","524","659"
"659","658","661"
"660","525","662"
"662","687","664"
"663","527","665"
"664","588","666"
"666","529","668"
"668","531","670"
"669","532","671"
"670","533","672"
"671","534","673"
"673","660","675"
"674","589","676"
"675","536","677"
"676","537","678"
"677","602","679"
"678","650","680"
"679","539","681"
"681","578","683"
"682","540","684"
"684","542","686"
"687","545","689"
"689","547","691"
"690","598","692"
"691","548","693"
"692","547","694"
"708","667","710"
"713","550","695"
"715","550","697"
"716","764","698"
"718","550","700"
"719","550","701"
"720","550","702"
"721","550","703"
"722","550","704"
"723","760","705"
"724","735","706"
"727","550","709"
"735","593","252"
"736","560","711"
"737","560","712"
"738","560","713"
"739","560","714"
"740","560","715"
"741","719","720"
"742","614","721"
"743","616","722"
"744","723","723"
"745","644","724"
"747","697","726"
"748","470","727"
"749","681","553"
"750","21","728"
"751","699","729"
"752","700","730"
"754","708","732"
"755","707","733"
"756","706","734"
"757","709","735"
"758","718","736"
"759","763","738"
"760","229","739"
"762","756","740"
"763","692","742"
"765","550","744"
"766","550","745"
"767","724","746"
"768","21","747"
"769","728","748"
"770","729","749"
"771","730","750"
"772","731","751"
"773","732","752"
"774","734","753"
"775","560","754"
"777","737","755"
"778","738","756"
"779","721","757"
"780","742","737"
"781","743","65"
"782","21","758"
"783","197","759"
"784","761","760"
"785","524","1429"
"786","246","280"
"787","762","1430"
"788","770","442"
"789","74","1431"
"790","772","1432"
"791","21","1433"
"792","782","395"
"793","806","1434"
"797","786","1437"
"798","788","1438"
"799","791","1439"
"800","791","1440"
"801","792","1441"
"802","21","1442"
"803","21","1443"
"804","803","1444"
"805","790","1445"
"806","63","1446"
"807","794","1447"
"808","799","1448"
"809","795","1449"
"810","308","1450"
"811","682","1451"
"812","795","1449"
"813","93","1452"
"814","593","1453"
"815","797","482"
"816","798","1442"
"830","21","1465"
"832","805","28"
